time,spd_ref,tq_ref,mav_spd,m1_current,m1_kw,m1_shaft_kw,m1_heatsink_tmp,m1_frequency,m1_torque_nm,m1_rpm,m1_kwh,mav_tq,m2_current,m2_kw,m2_shaft_kw,m2_heatsink_tmp,m2_frequency,m2_torque_nm,m2_rpm,m2_kwh,predicted_power
2025-01-20 09:38:08.130908+00:00,4.999084416773484,29.994506500640906,4.992980528596716,5.68,0.16,0.06,41,2.3,8.3,70,231,30.06775315876213,5.08,0.05,-0.05,40,2.0,8.4,-64,1,0
2025-01-20 09:38:09.589861+00:00,4.999084416773484,29.994506500640906,4.992980528596716,5.74,0.16,0.06,41,2.3,8.4,70,231,30.086064823292435,5.09,0.06,-0.05,40,2.0,8.4,-64,1,0
2025-01-20 09:38:10.950905+00:00,4.999084416773484,29.994506500640906,4.992980528596716,5.63,0.16,0.06,41,2.3,8.0,70,231,30.018922053347982,5.08,0.06,-0.05,40,2.0,8.5,-66,1,0
2025-01-20 09:38:12.315377+00:00,4.999084416773484,29.994506500640906,4.992980528596716,5.7,0.16,0.06,41,2.3,7.9,70,231,30.079960935115665,5.11,0.06,-0.05,40,2.0,8.6,-67,1,0
2025-01-20 09:38:13.664355+00:00,4.999084416773484,29.994506500640906,4.992980528596716,5.64,0.16,0.05,41,2.3,8.3,70,231,30.110480375999508,5.07,0.06,-0.05,40,2.0,8.4,-64,1,0
2025-01-20 09:38:14.981799+00:00,4.999084416773484,29.994506500640906,4.992980528596716,5.68,0.17,0.06,41,2.3,8.0,70,231,29.945675395226758,5.08,0.06,-0.05,40,2.0,8.5,-66,1,0
2025-01-20 09:38:16.382692+00:00,4.999084416773484,29.994506500640906,4.992980528596716,5.72,0.16,0.06,41,2.3,8.4,70,231,30.165415369590427,5.08,0.06,-0.05,40,2.0,8.4,-66,1,0
2025-01-20 09:38:17.739053+00:00,4.999084416773484,29.994506500640906,4.992980528596716,5.72,0.16,0.06,41,2.3,8.0,70,231,30.11658426417628,5.1,0.05,-0.05,40,2.0,8.4,-66,1,0
2025-01-20 09:38:19.062095+00:00,4.999084416773484,29.994506500640906,4.992980528596716,5.66,0.17,0.06,41,2.3,8.2,70,231,29.982298724287368,5.07,0.06,-0.05,40,2.0,8.4,-66,1,0
2025-01-20 09:38:20.391822+00:00,4.999084416773484,29.994506500640906,4.992980528596716,5.73,0.16,0.06,41,2.3,8.2,70,231,30.226454251358113,5.08,0.06,-0.05,40,1.9,8.5,-65,1,0
2025-01-20 09:38:21.712817+00:00,4.999084416773484,29.994506500640906,4.992980528596716,5.68,0.16,0.05,41,2.3,8.1,70,231,30.110480375999508,5.08,0.05,-0.05,40,2.0,8.4,-64,1,0
2025-01-20 09:38:23.065641+00:00,4.999084416773484,29.994506500640906,4.992980528596716,5.66,0.16,0.05,41,2.3,8.1,70,231,30.10437648782274,5.07,0.05,-0.05,40,2.0,8.4,-66,1,0
2025-01-20 09:38:24.426634+00:00,4.999084416773484,29.994506500640906,4.992980528596716,5.69,0.16,0.06,41,2.3,8.5,70,231,30.031129829701516,5.07,0.06,-0.05,40,1.9,8.5,-63,1,0
2025-01-20 09:38:25.784218+00:00,4.999084416773484,29.994506500640906,4.992980528596716,5.7,0.16,0.06,41,2.3,8.3,70,231,30.147103705060122,5.09,0.06,-0.05,40,2.0,8.5,-65,1,0
2025-01-20 09:38:27.244861+00:00,4.999084416773484,29.994506500640906,4.992980528596716,5.72,0.16,0.06,41,2.3,8.2,70,231,30.06164927058536,5.1,0.05,-0.05,40,2.0,8.4,-64,1,0
2025-01-20 09:38:28.603525+00:00,4.999084416773484,29.994506500640906,4.992980528596716,5.67,0.16,0.06,41,2.6,9.2,101,231,30.086064823292435,5.06,0.02,-0.08,40,4.5,8.3,-143,1,0
2025-01-20 09:38:29.960696+00:00,9.998168833546968,29.994506500640906,9.9920649453702,5.73,0.22,0.11,41,4.7,8.1,140,231,30.128792040529817,5.08,0.02,-0.12,40,4.3,8.2,-135,1,0
2025-01-20 09:38:31.294365+00:00,9.998168833546968,29.994506500640906,9.9920649453702,5.82,0.22,0.12,41,4.7,8.2,140,231,29.97009094793383,5.08,0.02,-0.12,40,4.3,8.4,-135,1,0
2025-01-20 09:38:32.675923+00:00,9.998168833546968,29.994506500640906,9.9920649453702,5.77,0.22,0.11,41,4.7,8.2,140,231,30.06775315876213,5.09,0.01,-0.12,40,4.4,8.4,-135,1,0
2025-01-20 09:38:34.033994+00:00,9.998168833546968,29.994506500640906,9.9920649453702,5.81,0.22,0.11,41,4.7,8.2,140,231,30.10437648782274,5.08,0.02,-0.11,40,4.4,8.8,-135,1,0
2025-01-20 09:38:35.401566+00:00,9.998168833546968,29.994506500640906,9.9920649453702,5.85,0.22,0.11,41,4.7,8.1,140,231,29.951779283403525,5.07,0.01,-0.11,40,4.3,8.3,-134,1,0
2025-01-20 09:38:36.750227+00:00,9.998168833546968,29.994506500640906,9.9920649453702,5.89,0.22,0.11,41,4.7,7.9,140,231,30.098272599645973,5.09,0.01,-0.11,40,4.3,8.4,-134,1,0
2025-01-20 09:38:38.107630+00:00,9.998168833546968,29.994506500640906,9.9920649453702,5.77,0.21,0.11,41,4.7,8.1,140,231,30.11658426417628,5.09,0.02,-0.11,40,4.2,8.4,-132,1,0
2025-01-20 09:38:39.466355+00:00,9.998168833546968,29.994506500640906,9.9920649453702,5.85,0.22,0.12,41,4.7,7.8,140,231,29.927363730696452,5.08,0.01,-0.11,40,4.3,8.3,-134,1,0
2025-01-20 09:38:40.822515+00:00,9.998168833546968,29.994506500640906,9.9920649453702,5.84,0.22,0.11,41,4.7,7.8,140,231,30.10437648782274,5.07,0.01,-0.11,40,4.3,8.3,-134,1,0
2025-01-20 09:38:42.180688+00:00,9.998168833546968,29.994506500640906,9.9920649453702,5.75,0.22,0.11,41,4.7,8.2,140,231,30.128792040529817,5.08,0.01,-0.11,40,4.3,8.4,-137,1,0
2025-01-20 09:38:43.537927+00:00,9.998168833546968,29.994506500640906,9.9920649453702,5.85,0.22,0.12,41,4.7,8.2,140,231,29.951779283403525,5.1,0.01,-0.11,40,4.4,8.2,-139,1,0
2025-01-20 09:38:44.896656+00:00,9.998168833546968,29.994506500640906,9.9920649453702,5.77,0.21,0.11,41,4.7,8.0,140,231,29.939571507049987,5.04,0.01,-0.11,40,4.4,8.4,-136,1,0
2025-01-20 09:38:46.252910+00:00,9.998168833546968,29.994506500640906,9.9920649453702,5.75,0.22,0.11,41,4.7,8.4,140,231,30.043337606055054,5.11,0.02,-0.12,40,4.4,8.5,-136,1,0
2025-01-20 09:38:47.611966+00:00,9.998168833546968,29.994506500640906,9.9920649453702,5.8,0.22,0.12,41,4.7,8.0,140,231,29.951779283403525,5.08,0.01,-0.12,40,4.3,8.3,-137,1,0
2025-01-20 09:38:48.969896+00:00,9.998168833546968,29.994506500640906,9.9920649453702,5.78,0.22,0.12,41,4.7,8.2,140,231,30.098272599645973,5.05,0.02,-0.11,40,4.3,8.3,-136,1,0
2025-01-20 09:38:50.433180+00:00,9.998168833546968,29.994506500640906,9.9920649453702,5.77,0.22,0.11,41,4.7,8.1,140,231,29.902948177989376,4.99,0.02,-0.11,40,4.4,8.6,-135,1,0
2025-01-20 09:38:51.752475+00:00,9.998168833546968,29.994506500640906,9.9920649453702,5.86,0.22,0.11,41,4.7,7.8,140,231,30.000610388817673,5.09,0.02,-0.11,40,4.3,8.4,-135,1,0
2025-01-20 09:38:53.147647+00:00,9.998168833546968,29.994506500640906,9.9920649453702,5.8,0.21,0.11,41,4.7,7.9,140,231,30.049441494231825,5.1,0.01,-0.11,40,4.3,8.3,-135,1,0
2025-01-20 09:38:54.464063+00:00,9.998168833546968,29.994506500640906,9.9920649453702,5.86,0.22,0.11,41,4.7,8.2,140,231,29.957883171580296,5.05,0.01,-0.11,40,4.2,8.5,-134,1,0
2025-01-20 09:38:55.864301+00:00,9.998168833546968,29.994506500640906,9.9920649453702,5.85,0.22,0.11,41,4.7,8.2,140,231,30.000610388817673,5.07,0.02,-0.11,40,4.3,8.7,-134,1,0
2025-01-20 09:38:57.220213+00:00,14.997253250320453,29.994506500640906,14.246475004577915,5.49,0.32,0.21,41,6.9,9.6,210,231,30.189830922297503,5.52,-0.02,-0.18,40,6.6,8.4,-203,1,0
2025-01-20 09:38:58.582144+00:00,14.997253250320453,29.994506500640906,14.991149362143684,5.82,0.31,0.2,41,7.0,9.2,210,231,29.945675395226758,5.38,-0.04,-0.17,40,6.5,8.7,-203,1,0
2025-01-20 09:39:00.044311+00:00,14.997253250320453,29.994506500640906,14.991149362143684,5.77,0.31,0.2,41,7.0,9.3,210,231,30.165415369590427,5.29,-0.05,-0.17,40,6.6,8.3,-203,1,0
2025-01-20 09:39:01.395230+00:00,14.997253250320453,29.994506500640906,14.991149362143684,5.78,0.31,0.2,41,7.0,9.4,210,231,30.14099981688335,5.44,-0.05,-0.18,40,6.6,8.3,-203,1,0
2025-01-20 09:39:02.795283+00:00,14.997253250320453,29.994506500640906,14.991149362143684,5.78,0.31,0.2,41,7.0,9.3,210,231,30.165415369590427,5.29,-0.06,-0.17,40,6.6,8.4,-202,1,0
2025-01-20 09:39:04.113366+00:00,14.997253250320453,29.994506500640906,14.991149362143684,5.83,0.31,0.2,41,7.0,9.2,210,231,29.957883171580296,5.31,-0.06,-0.17,40,6.6,8.4,-202,1,0
2025-01-20 09:39:05.453711+00:00,14.997253250320453,29.994506500640906,14.991149362143684,5.78,0.31,0.2,41,7.0,9.2,210,231,29.915155954342914,5.39,-0.04,-0.17,40,6.8,8.5,-207,1,0
2025-01-20 09:39:06.832362+00:00,14.997253250320453,29.994506500640906,14.991149362143684,5.79,0.31,0.2,41,7.0,9.3,210,231,30.018922053347982,5.4,-0.04,-0.17,40,6.6,8.3,-204,1,0
2025-01-20 09:39:08.190122+00:00,14.997253250320453,29.994506500640906,14.991149362143684,5.8,0.31,0.2,41,7.0,9.3,210,231,30.098272599645973,5.66,-0.05,-0.18,40,6.6,8.3,-204,1,0
2025-01-20 09:39:09.547007+00:00,14.997253250320453,29.994506500640906,14.991149362143684,5.76,0.31,0.2,41,7.0,9.2,210,231,30.269181468595495,5.35,-0.06,-0.17,40,6.7,8.4,-204,1,0
2025-01-20 09:39:10.904407+00:00,14.997253250320453,29.994506500640906,14.991149362143684,5.81,0.31,0.2,41,7.0,9.2,210,231,30.06164927058536,5.38,-0.07,-0.17,40,6.6,8.4,-203,1,0
2025-01-20 09:39:12.235414+00:00,14.997253250320453,29.994506500640906,14.991149362143684,5.81,0.31,0.2,41,7.0,9.3,210,231,29.98840261246414,5.38,-0.04,-0.17,40,6.8,8.7,-203,1,0
2025-01-20 09:39:13.532550+00:00,14.997253250320453,29.994506500640906,14.991149362143684,5.78,0.31,0.2,41,7.0,9.2,210,231,30.02502594152475,5.57,-0.06,-0.18,40,6.6,8.2,-203,1,0
2025-01-20 09:39:14.872506+00:00,14.997253250320453,29.994506500640906,14.991149362143684,5.78,0.31,0.2,41,7.0,9.1,210,231,30.189830922297503,5.4,-0.05,-0.17,40,6.6,8.5,-207,1,0
2025-01-20 09:39:16.230264+00:00,14.997253250320453,29.994506500640906,14.991149362143684,5.77,0.31,0.2,41,7.0,9.2,210,231,30.092168711469203,5.41,-0.06,-0.17,40,6.6,8.4,-203,1,0
2025-01-20 09:39:17.538458+00:00,14.997253250320453,29.994506500640906,14.991149362143684,5.82,0.31,0.2,41,7.0,9.3,210,231,29.98840261246414,5.44,-0.04,-0.17,40,6.6,8.4,-203,1,0
2025-01-20 09:39:18.864267+00:00,14.997253250320453,29.994506500640906,14.991149362143684,5.76,0.31,0.2,41,7.0,9.2,210,231,30.055545382408592,5.29,-0.05,-0.18,40,6.6,8.3,-204,1,0
2025-01-20 09:39:20.201081+00:00,14.997253250320453,29.994506500640906,14.991149362143684,5.73,0.31,0.2,41,7.0,9.1,210,231,30.202038698651037,5.5,-0.07,-0.17,40,6.7,8.4,-205,1,0
2025-01-20 09:39:21.523445+00:00,14.997253250320453,29.994506500640906,14.991149362143684,5.79,0.31,0.2,41,7.0,9.3,210,231,30.214246475004575,5.38,-0.04,-0.18,40,6.6,8.4,-202,1,0
2025-01-20 09:39:22.920209+00:00,14.997253250320453,29.994506500640906,14.991149362143684,5.79,0.31,0.2,41,7.0,9.2,210,231,30.15320759323689,5.32,-0.04,-0.18,40,6.7,8.4,-205,1,0
2025-01-20 09:39:24.245953+00:00,19.996337667093936,29.994506500640906,19.99023377891717,5.75,0.37,0.26,41,9.3,9.0,280,231,30.214246475004575,5.34,-0.09,-0.24,40,8.8,8.4,-272,1,0
2025-01-20 09:39:25.631330+00:00,19.996337667093936,29.994506500640906,19.99023377891717,5.76,0.37,0.26,41,9.3,8.9,280,231,30.134895928706584,5.28,-0.11,-0.24,40,8.9,8.7,-276,1,0
2025-01-20 09:39:26.998062+00:00,19.996337667093936,29.994506500640906,19.99023377891717,5.77,0.37,0.25,41,9.3,8.9,280,231,29.9761948361106,5.31,-0.09,-0.24,40,8.9,8.4,-273,1,0
2025-01-20 09:39:28.450468+00:00,19.996337667093936,29.994506500640906,19.99023377891717,5.76,0.37,0.26,41,9.3,8.9,280,231,30.006714276994444,5.35,-0.12,-0.24,40,8.9,8.8,-274,1,0
2025-01-20 09:39:29.775929+00:00,19.996337667093936,29.994506500640906,19.99023377891717,5.75,0.37,0.26,41,9.3,8.9,280,231,30.189830922297503,5.38,-0.11,-0.24,40,9.2,8.7,-279,1,0
2025-01-20 09:39:31.169320+00:00,19.996337667093936,29.994506500640906,19.99023377891717,5.73,0.37,0.26,41,9.3,8.9,280,231,30.11658426417628,5.24,-0.08,-0.24,40,9.0,8.8,-273,1,0
2025-01-20 09:39:32.500878+00:00,19.996337667093936,29.994506500640906,19.99023377891717,5.73,0.37,0.26,41,9.3,9.0,280,231,30.177623145943965,5.4,-0.09,-0.24,40,8.9,8.4,-273,1,0
2025-01-20 09:39:33.917722+00:00,19.996337667093936,29.994506500640906,19.99023377891717,5.72,0.37,0.26,41,9.3,9.0,280,231,30.147103705060122,5.35,-0.1,-0.24,40,8.9,8.4,-273,1,0
2025-01-20 09:39:35.240976+00:00,19.996337667093936,29.994506500640906,19.99023377891717,5.77,0.37,0.26,41,9.3,9.0,280,231,30.122688152353046,5.28,-0.1,-0.24,40,8.9,8.4,-274,1,0
2025-01-20 09:39:36.567526+00:00,19.996337667093936,29.994506500640906,19.99023377891717,5.74,0.37,0.26,41,9.3,8.9,280,231,30.189830922297503,5.37,-0.12,-0.24,40,8.9,8.3,-274,1,0
2025-01-20 09:39:37.960261+00:00,19.996337667093936,29.994506500640906,19.99023377891717,5.77,0.37,0.26,41,9.3,9.0,280,231,30.15320759323689,5.33,-0.09,-0.24,40,9.1,8.3,-276,1,0
2025-01-20 09:39:39.310790+00:00,19.996337667093936,29.994506500640906,19.99023377891717,5.76,0.37,0.26,41,9.3,9.1,280,231,30.092168711469203,5.34,-0.1,-0.24,40,8.9,8.4,-273,1,0
2025-01-20 09:39:40.671733+00:00,19.996337667093936,29.994506500640906,19.99023377891717,5.75,0.37,0.26,41,9.3,8.9,280,231,30.177623145943965,5.29,-0.12,-0.24,40,9.0,8.4,-273,1,0
2025-01-20 09:39:41.994639+00:00,19.996337667093936,29.994506500640906,19.99023377891717,5.75,0.37,0.25,41,9.3,8.9,280,231,30.128792040529817,5.29,-0.08,-0.24,40,8.8,8.5,-271,1,0
2025-01-20 09:39:43.393990+00:00,19.996337667093936,29.994506500640906,19.99023377891717,5.77,0.37,0.26,41,9.3,8.8,280,231,30.147103705060122,5.43,-0.11,-0.24,40,8.9,9.0,-271,1,0
2025-01-20 09:39:44.745492+00:00,19.996337667093936,29.994506500640906,19.99023377891717,5.74,0.37,0.26,41,9.3,8.9,280,231,30.02502594152475,5.38,-0.13,-0.24,40,8.9,8.5,-274,1,0
2025-01-20 09:39:46.091290+00:00,19.996337667093936,29.994506500640906,19.99023377891717,5.75,0.37,0.26,41,9.3,9.0,280,231,30.098272599645973,5.49,-0.1,-0.24,40,9.0,9.0,-274,1,0
2025-01-20 09:39:47.429909+00:00,19.996337667093936,29.994506500640906,19.99023377891717,5.76,0.37,0.26,41,9.3,8.9,280,231,30.256973692241957,5.41,-0.11,-0.24,40,8.9,8.3,-273,1,0
2025-01-20 09:39:48.818719+00:00,19.996337667093936,29.994506500640906,19.99023377891717,5.74,0.37,0.25,41,9.3,9.0,280,231,30.226454251358113,5.37,-0.1,-0.24,40,8.9,8.4,-273,1,0
2025-01-20 09:39:50.175492+00:00,19.996337667093936,29.994506500640906,19.99023377891717,5.77,0.37,0.26,41,9.3,8.9,280,231,30.14099981688335,5.4,-0.12,-0.24,40,9.0,8.8,-274,1,0
2025-01-20 09:39:51.535957+00:00,19.996337667093936,29.994506500640906,19.99023377891717,5.75,0.37,0.26,41,9.3,8.9,280,231,30.11658426417628,5.34,-0.1,-0.24,40,9.0,8.5,-276,1,0
2025-01-20 09:39:52.903459+00:00,19.996337667093936,29.994506500640906,19.99023377891717,5.74,0.37,0.26,41,9.3,8.9,280,231,30.031129829701516,5.35,-0.1,-0.24,40,9.0,8.5,-273,1,0
2025-01-20 09:39:54.368271+00:00,24.99542208386742,29.994506500640906,24.989318195690654,5.74,0.43,0.32,41,11.7,8.7,350,231,30.165415369590427,5.39,-0.17,-0.3,40,11.2,8.4,-343,1,0
2025-01-20 09:39:55.713048+00:00,24.99542208386742,29.994506500640906,24.989318195690654,5.73,0.43,0.31,41,11.7,8.6,350,231,30.214246475004575,5.34,-0.13,-0.3,40,11.3,8.3,-344,1,0
2025-01-20 09:39:57.062706+00:00,24.99542208386742,29.994506500640906,24.989318195690654,5.73,0.43,0.31,41,11.7,8.7,350,231,30.171519257767194,5.34,-0.17,-0.3,40,11.2,8.3,-343,1,0
2025-01-20 09:39:58.430428+00:00,24.99542208386742,29.994506500640906,24.989318195690654,5.72,0.43,0.31,41,11.7,8.7,350,231,30.134895928706584,5.38,-0.15,-0.3,40,11.3,8.4,-343,1,0
2025-01-20 09:39:59.738769+00:00,24.99542208386742,29.994506500640906,24.989318195690654,5.73,0.43,0.31,41,11.7,8.7,350,231,30.134895928706584,5.31,-0.14,-0.3,40,11.2,8.3,-344,1,0
2025-01-20 09:40:01.144098+00:00,24.99542208386742,29.994506500640906,24.989318195690654,5.73,0.43,0.32,41,11.7,8.7,350,231,30.000610388817673,5.31,-0.15,-0.3,40,11.2,9.0,-341,1,0
2025-01-20 09:40:02.500819+00:00,24.99542208386742,29.994506500640906,24.989318195690654,5.7,0.43,0.32,41,11.7,8.6,350,231,30.079960935115665,5.31,-0.15,-0.3,40,11.2,8.7,-343,1,0
2025-01-20 09:40:03.860614+00:00,24.99542208386742,29.994506500640906,24.989318195690654,5.75,0.43,0.32,41,11.7,8.7,350,231,30.10437648782274,5.26,-0.15,-0.3,40,11.2,8.4,-343,1,0
2025-01-20 09:40:05.183465+00:00,24.99542208386742,29.994506500640906,24.989318195690654,5.72,0.43,0.31,41,11.7,8.8,350,231,30.098272599645973,5.46,-0.14,-0.3,40,11.3,8.3,-343,1,0
2025-01-20 09:40:06.575155+00:00,24.99542208386742,29.994506500640906,24.989318195690654,5.71,0.43,0.32,41,11.7,8.6,350,231,30.15931148141366,5.35,-0.14,-0.3,40,11.2,8.0,-343,1,0
2025-01-20 09:40:07.937992+00:00,24.99542208386742,29.994506500640906,24.989318195690654,5.74,0.43,0.31,41,11.7,8.7,350,231,30.177623145943965,5.4,-0.16,-0.3,40,11.2,8.3,-344,1,0
2025-01-20 09:40:09.290386+00:00,24.99542208386742,29.994506500640906,24.989318195690654,5.74,0.43,0.31,41,11.7,8.7,350,231,30.15931148141366,5.23,-0.16,-0.3,40,11.1,8.4,-341,1,0
2025-01-20 09:40:10.648809+00:00,24.99542208386742,29.994506500640906,24.989318195690654,5.73,0.43,0.31,41,11.7,8.7,350,231,29.9761948361106,5.36,-0.15,-0.3,40,11.2,8.5,-343,1,0
2025-01-20 09:40:12.007417+00:00,24.99542208386742,29.994506500640906,24.989318195690654,5.74,0.43,0.31,41,11.7,8.7,350,231,30.098272599645973,5.38,-0.13,-0.3,40,11.3,8.4,-344,1,0
2025-01-20 09:40:13.365473+00:00,24.99542208386742,29.994506500640906,24.989318195690654,5.77,0.43,0.31,41,11.7,8.8,350,231,30.183727034120732,5.28,-0.16,-0.3,40,11.3,8.4,-347,1,0
2025-01-20 09:40:14.723540+00:00,24.99542208386742,29.994506500640906,24.989318195690654,5.75,0.43,0.31,41,11.7,8.6,350,231,30.079960935115665,5.38,-0.15,-0.3,40,11.2,8.7,-342,1,0
2025-01-20 09:40:16.076754+00:00,24.99542208386742,29.994506500640906,24.989318195690654,5.74,0.43,0.31,41,11.7,8.7,350,231,30.086064823292435,5.33,-0.15,-0.3,40,11.3,8.3,-343,1,0
2025-01-20 09:40:17.441622+00:00,24.99542208386742,29.994506500640906,24.989318195690654,5.72,0.43,0.31,41,11.7,8.7,350,231,30.092168711469203,5.35,-0.13,-0.3,40,11.3,8.5,-344,1,0
2025-01-20 09:40:18.797246+00:00,24.99542208386742,29.994506500640906,24.989318195690654,5.71,0.43,0.31,41,11.7,8.6,350,231,30.134895928706584,5.2,-0.15,-0.3,40,11.4,8.6,-344,1,0
2025-01-20 09:40:20.157074+00:00,24.99542208386742,29.994506500640906,24.989318195690654,5.74,0.43,0.31,41,11.7,8.7,350,231,30.165415369590427,5.21,-0.17,-0.3,40,11.2,8.2,-343,1,0
2025-01-20 09:40:21.514383+00:00,24.99542208386742,29.994506500640906,24.989318195690654,5.72,0.43,0.31,41,11.7,8.7,350,231,30.24476591588842,5.32,-0.15,-0.3,40,11.2,8.4,-342,1,0
2025-01-20 09:40:22.873323+00:00,24.99542208386742,29.994506500640906,24.989318195690654,5.73,0.43,0.31,41,11.7,8.7,350,231,29.9761948361106,5.4,-0.16,-0.3,40,11.3,8.4,-344,1,0
2025-01-20 09:40:24.227686+00:00,24.99542208386742,29.994506500640906,24.989318195690654,5.73,0.43,0.31,41,11.7,8.7,350,231,30.10437648782274,5.35,-0.15,-0.3,40,11.3,8.8,-343,1,0
2025-01-20 09:40:25.586941+00:00,24.99542208386742,29.994506500640906,24.989318195690654,5.71,0.43,0.31,41,11.7,8.7,350,231,30.11658426417628,5.27,-0.14,-0.3,40,11.5,8.2,-345,1,0
2025-01-20 09:40:26.947525+00:00,29.994506500640906,29.994506500640906,29.98840261246414,5.74,0.49,0.37,41,14.0,8.5,420,231,30.110480375999508,5.2,-0.21,-0.36,40,13.6,8.4,-414,1,0
2025-01-20 09:40:28.301573+00:00,29.994506500640906,29.994506500640906,29.98840261246414,5.7,0.49,0.37,41,14.0,8.6,420,231,30.02502594152475,5.35,-0.18,-0.36,40,13.6,8.8,-413,1,0
2025-01-20 09:40:29.658123+00:00,29.994506500640906,29.994506500640906,29.98840261246414,5.73,0.49,0.37,41,14.0,8.6,420,231,30.147103705060122,5.37,-0.21,-0.36,40,13.6,7.9,-418,1,0
2025-01-20 09:40:30.994080+00:00,29.994506500640906,29.994506500640906,29.98840261246414,5.73,0.49,0.37,41,14.0,8.6,420,231,30.15931148141366,5.37,-0.18,-0.36,40,13.6,8.3,-414,1,0
2025-01-20 09:40:32.375218+00:00,29.994506500640906,29.994506500640906,29.98840261246414,5.74,0.49,0.37,41,14.0,8.6,420,231,29.957883171580296,5.42,-0.19,-0.36,40,13.6,8.2,-413,1,0
2025-01-20 09:40:33.732779+00:00,29.994506500640906,29.994506500640906,29.98840261246414,5.71,0.49,0.37,41,14.0,8.6,420,231,30.183727034120732,5.32,-0.21,-0.36,40,13.6,8.2,-419,1,0
2025-01-20 09:40:35.091237+00:00,29.994506500640906,29.994506500640906,29.98840261246414,5.72,0.49,0.37,41,14.0,8.5,420,231,30.15320759323689,5.33,-0.18,-0.36,40,13.6,8.3,-413,1,0
2025-01-20 09:40:36.447908+00:00,29.994506500640906,29.994506500640906,29.98840261246414,5.71,0.49,0.37,41,14.0,8.5,420,231,30.037233717878287,5.29,-0.21,-0.36,40,13.6,8.5,-410,1,0
2025-01-20 09:40:37.811946+00:00,29.994506500640906,29.994506500640906,29.98840261246414,5.68,0.49,0.37,41,14.0,8.6,420,231,30.079960935115665,5.39,-0.18,-0.36,40,13.6,7.9,-415,1,0
2025-01-20 09:40:39.169445+00:00,29.994506500640906,29.994506500640906,29.98840261246414,5.72,0.49,0.37,41,14.0,8.6,420,231,30.10437648782274,5.34,-0.2,-0.36,40,13.6,8.3,-413,1,0
2025-01-20 09:40:40.524557+00:00,29.994506500640906,29.994506500640906,29.98840261246414,5.69,0.49,0.37,41,14.0,8.5,420,231,30.10437648782274,5.37,-0.22,-0.36,40,13.5,8.6,-410,1,0
2025-01-20 09:40:41.881927+00:00,29.994506500640906,29.994506500640906,29.98840261246414,5.7,0.49,0.37,41,14.0,8.5,420,231,30.250869804065186,5.26,-0.21,-0.36,40,13.7,8.6,-414,1,0
2025-01-20 09:40:43.233483+00:00,29.994506500640906,29.994506500640906,29.98840261246414,5.7,0.49,0.37,41,14.0,8.6,420,231,30.043337606055054,5.4,-0.17,-0.36,40,13.6,8.1,-413,1,0
2025-01-20 09:40:44.595606+00:00,29.994506500640906,29.994506500640906,29.98840261246414,5.68,0.49,0.37,41,14.0,8.6,420,231,30.098272599645973,5.35,-0.21,-0.36,40,13.4,8.4,-413,1,0
2025-01-20 09:40:45.953393+00:00,29.994506500640906,29.994506500640906,29.98840261246414,5.72,0.49,0.37,41,14.0,8.6,420,231,30.23255813953488,5.23,-0.22,-0.36,40,13.6,8.9,-414,1,0
2025-01-20 09:40:47.282966+00:00,29.994506500640906,29.994506500640906,29.98840261246414,5.72,0.49,0.37,41,14.0,8.6,420,231,29.927363730696452,5.33,-0.22,-0.36,40,13.6,8.3,-413,1,0
2025-01-20 09:40:48.670360+00:00,29.994506500640906,29.994506500640906,29.98840261246414,5.71,0.49,0.37,41,14.0,8.5,420,231,30.134895928706584,5.36,-0.2,-0.36,40,13.6,8.2,-412,1,0
2025-01-20 09:40:50.027609+00:00,29.994506500640906,29.994506500640906,29.98840261246414,5.74,0.49,0.37,41,14.0,8.6,420,231,30.165415369590427,5.48,-0.17,-0.36,40,13.6,8.4,-414,1,0
2025-01-20 09:40:51.359917+00:00,29.994506500640906,29.994506500640906,29.98840261246414,5.71,0.49,0.37,41,14.0,8.5,420,231,30.10437648782274,5.28,-0.22,-0.36,40,13.6,8.4,-413,1,0
2025-01-20 09:40:52.750827+00:00,29.994506500640906,29.994506500640906,29.98840261246414,5.74,0.49,0.37,41,14.0,8.6,420,231,30.11658426417628,5.35,-0.2,-0.36,40,13.5,8.8,-409,1,0
2025-01-20 09:40:54.102123+00:00,29.994506500640906,29.994506500640906,29.98840261246414,5.72,0.49,0.37,41,14.0,8.5,420,231,30.086064823292435,5.44,-0.21,-0.36,40,13.6,8.4,-413,1,0
2025-01-20 09:40:55.459365+00:00,29.994506500640906,29.994506500640906,29.98840261246414,5.72,0.49,0.37,41,14.0,8.5,420,231,30.14099981688335,5.28,-0.18,-0.36,40,13.5,8.4,-410,1,0
2025-01-20 09:40:56.792516+00:00,29.994506500640906,29.994506500640906,29.98840261246414,5.7,0.49,0.37,41,14.0,8.6,420,231,30.177623145943965,5.41,-0.18,-0.36,40,13.6,8.2,-416,1,0
2025-01-20 09:40:58.173316+00:00,29.994506500640906,29.994506500640906,29.98840261246414,5.7,0.49,0.37,41,14.0,8.6,420,231,30.14099981688335,5.31,-0.21,-0.36,40,13.7,8.3,-414,1,0
2025-01-20 09:40:59.531653+00:00,29.994506500640906,29.994506500640906,29.98840261246414,5.71,0.49,0.37,41,14.0,8.5,420,231,30.018922053347982,5.28,-0.23,-0.36,40,13.6,8.8,-410,1,0
2025-01-20 09:41:00.889879+00:00,29.994506500640906,29.994506500640906,29.98840261246414,5.68,0.49,0.37,41,14.0,8.6,420,231,30.073857046938897,5.26,-0.22,-0.36,40,13.6,8.1,-418,1,0
2025-01-20 09:41:02.245234+00:00,29.994506500640906,29.994506500640906,29.98840261246414,5.71,0.49,0.37,41,14.0,8.6,420,231,30.11658426417628,5.38,-0.21,-0.36,40,14.0,8.4,-436,1,0
2025-01-20 09:41:03.605396+00:00,34.99969480559116,29.994506500640906,34.99359091741439,5.7,0.55,0.43,41,16.3,8.4,490,231,30.128792040529817,5.4,-0.24,-0.42,40,16.0,8.3,-484,1,0
2025-01-20 09:41:04.962270+00:00,34.99969480559116,29.994506500640906,34.99359091741439,5.71,0.55,0.43,41,16.3,8.4,490,231,30.208142586827808,5.24,-0.26,-0.42,40,15.9,8.4,-484,1,0
2025-01-20 09:41:06.319363+00:00,34.99969480559116,29.994506500640906,34.99359091741439,5.71,0.55,0.43,41,16.3,8.4,490,231,30.110480375999508,5.26,-0.26,-0.42,40,15.9,8.7,-484,1,0
2025-01-20 09:41:07.614991+00:00,34.99969480559116,29.994506500640906,34.99359091741439,5.71,0.55,0.43,41,16.3,8.4,490,231,30.128792040529817,5.33,-0.27,-0.42,40,16.0,8.4,-490,1,0
2025-01-20 09:41:09.038121+00:00,34.99969480559116,29.994506500640906,34.99359091741439,5.72,0.55,0.43,41,16.3,8.4,490,231,30.055545382408592,5.3,-0.25,-0.42,40,15.9,8.3,-483,1,0
2025-01-20 09:41:10.396037+00:00,34.99969480559116,29.994506500640906,34.99359091741439,5.69,0.55,0.43,41,16.3,8.4,490,231,30.10437648782274,5.31,-0.26,-0.42,40,16.4,8.4,-487,1,0
2025-01-20 09:41:11.721613+00:00,34.99969480559116,29.994506500640906,34.99359091741439,5.71,0.55,0.43,41,16.3,8.5,490,231,30.073857046938897,5.33,-0.25,-0.42,40,15.9,8.2,-490,1,0
2025-01-20 09:41:13.108101+00:00,34.99969480559116,29.994506500640906,34.99359091741439,5.68,0.55,0.43,41,16.3,8.5,490,231,30.086064823292435,5.28,-0.27,-0.42,40,16.0,8.4,-480,1,0
2025-01-20 09:41:14.454943+00:00,34.99969480559116,29.994506500640906,34.99359091741439,5.68,0.55,0.43,41,16.3,8.4,490,231,30.14099981688335,5.36,-0.26,-0.42,40,15.7,8.2,-483,1,0
2025-01-20 09:41:15.824730+00:00,34.99969480559116,29.994506500640906,34.99359091741439,5.69,0.55,0.43,41,16.3,8.4,490,231,30.06775315876213,5.31,-0.23,-0.42,40,16.0,8.8,-480,1,0
2025-01-20 09:41:17.187408+00:00,34.99969480559116,29.994506500640906,34.99359091741439,5.67,0.55,0.43,41,16.3,8.4,490,231,30.031129829701516,5.33,-0.25,-0.42,40,15.9,8.3,-482,1,0
2025-01-20 09:41:18.494057+00:00,34.99969480559116,29.994506500640906,34.99359091741439,5.69,0.55,0.43,41,16.3,8.5,490,231,30.092168711469203,5.37,-0.26,-0.42,40,15.8,8.2,-480,1,0
2025-01-20 09:41:19.900486+00:00,34.99969480559116,29.994506500640906,34.99359091741439,5.68,0.55,0.43,41,16.3,8.4,490,231,30.189830922297503,5.21,-0.24,-0.42,40,16.0,8.4,-484,1,0
2025-01-20 09:41:21.258381+00:00,34.99969480559116,29.994506500640906,34.99359091741439,5.71,0.55,0.43,41,16.3,8.4,490,231,30.086064823292435,5.35,-0.27,-0.42,40,16.0,8.2,-483,1,0
2025-01-20 09:41:22.587362+00:00,34.99969480559116,29.994506500640906,34.99359091741439,5.7,0.55,0.43,41,16.3,8.5,490,231,30.06775315876213,5.41,-0.27,-0.42,40,15.9,8.6,-483,1,0
2025-01-20 09:41:23.972094+00:00,34.99969480559116,29.994506500640906,34.99359091741439,5.69,0.55,0.43,41,16.3,8.5,490,231,30.250869804065186,5.34,-0.23,-0.42,40,16.0,8.6,-484,1,0
2025-01-20 09:41:25.332595+00:00,34.99969480559116,29.994506500640906,34.99359091741439,5.72,0.55,0.43,41,16.3,8.4,490,231,30.27528535677226,5.28,-0.26,-0.42,40,15.9,8.6,-484,1,0
2025-01-20 09:41:26.688643+00:00,34.99969480559116,29.994506500640906,34.99359091741439,5.71,0.55,0.43,41,16.3,8.5,490,231,30.226454251358113,5.31,-0.23,-0.42,40,16.0,8.7,-483,1,0
2025-01-20 09:41:28.006824+00:00,34.99969480559116,29.994506500640906,34.99359091741439,5.71,0.55,0.43,41,16.3,8.4,490,231,30.11658426417628,5.38,-0.26,-0.42,40,15.9,8.4,-484,1,0
2025-01-20 09:41:29.402489+00:00,34.99969480559116,29.994506500640906,34.99359091741439,5.69,0.55,0.43,41,16.3,8.4,490,231,30.214246475004575,5.39,-0.23,-0.42,40,15.9,8.5,-482,1,0
2025-01-20 09:41:30.723034+00:00,34.99969480559116,29.994506500640906,34.99359091741439,5.71,0.55,0.43,41,16.3,8.4,490,231,30.086064823292435,5.36,-0.26,-0.42,40,16.3,8.5,-484,1,0
2025-01-20 09:41:32.125699+00:00,34.99969480559116,29.994506500640906,34.99359091741439,5.72,0.55,0.43,41,16.3,8.5,490,231,30.06164927058536,5.26,-0.26,-0.42,40,15.7,8.4,-480,1,0
2025-01-20 09:41:33.482751+00:00,34.99969480559116,29.994506500640906,34.99359091741439,5.68,0.55,0.43,41,16.3,8.4,490,231,30.15320759323689,5.33,-0.24,-0.42,40,16.0,8.6,-484,1,0
2025-01-20 09:41:34.837049+00:00,34.99969480559116,29.994506500640906,34.99359091741439,5.69,0.55,0.43,41,16.3,8.4,490,231,30.14099981688335,5.33,-0.27,-0.42,40,16.0,8.5,-486,1,0
2025-01-20 09:41:36.195920+00:00,34.99969480559116,29.994506500640906,34.99359091741439,5.66,0.55,0.43,41,16.3,8.5,490,231,30.171519257767194,5.31,-0.26,-0.42,40,15.9,8.7,-488,1,0
2025-01-20 09:41:37.551441+00:00,34.99969480559116,29.994506500640906,34.99359091741439,5.68,0.55,0.43,41,16.3,8.5,490,231,30.055545382408592,5.43,-0.26,-0.42,40,16.0,8.4,-483,1,0
2025-01-20 09:41:38.882686+00:00,34.99969480559116,29.994506500640906,34.99359091741439,5.69,0.55,0.43,41,16.3,8.5,490,231,30.177623145943965,5.27,-0.24,-0.42,40,15.8,8.2,-480,1,0
2025-01-20 09:41:40.265632+00:00,34.99969480559116,29.994506500640906,34.99359091741439,5.7,0.55,0.43,41,16.3,8.4,490,231,30.098272599645973,5.31,-0.26,-0.42,40,15.9,8.3,-483,1,0
2025-01-20 09:41:41.630881+00:00,39.99877922236465,29.994506500640906,39.99267533418787,5.71,0.61,0.49,41,18.7,8.4,560,231,30.134895928706584,5.29,-0.31,-0.48,40,18.7,8.7,-554,1,0
2025-01-20 09:41:42.982942+00:00,39.99877922236465,29.994506500640906,39.99267533418787,5.69,0.61,0.49,41,18.7,8.3,560,231,30.000610388817673,5.37,-0.33,-0.48,40,18.3,8.5,-552,1,0
2025-01-20 09:41:44.339734+00:00,39.99877922236465,29.994506500640906,39.99267533418787,5.7,0.61,0.49,41,18.7,8.4,560,231,30.128792040529817,5.34,-0.31,-0.49,40,18.3,8.3,-560,1,0
2025-01-20 09:41:45.803609+00:00,39.99877922236465,29.994506500640906,39.99267533418787,5.68,0.61,0.48,41,18.7,8.3,560,231,30.134895928706584,5.37,-0.32,-0.48,40,18.3,8.7,-549,1,0
2025-01-20 09:41:47.264763+00:00,39.99877922236465,29.994506500640906,39.99267533418787,5.69,0.61,0.48,41,18.7,8.3,560,231,30.098272599645973,5.3,-0.3,-0.48,40,18.3,8.3,-552,1,0
2025-01-20 09:41:48.626159+00:00,39.99877922236465,29.994506500640906,39.99267533418787,5.71,0.61,0.49,41,18.7,8.4,560,231,30.098272599645973,5.44,-0.3,-0.49,40,18.2,8.4,-553,1,0
2025-01-20 09:41:49.978996+00:00,39.99877922236465,29.994506500640906,39.99267533418787,5.68,0.61,0.48,41,18.7,8.3,560,231,30.11658426417628,5.35,-0.31,-0.48,40,18.4,8.5,-554,1,0
2025-01-20 09:41:51.335821+00:00,39.99877922236465,29.994506500640906,39.99267533418787,5.7,0.61,0.49,41,18.7,8.3,560,231,29.915155954342914,5.37,-0.33,-0.48,40,18.3,9.0,-551,1,0
2025-01-20 09:41:52.657882+00:00,39.99877922236465,29.994506500640906,39.99267533418787,5.68,0.61,0.49,41,18.7,8.3,560,231,30.092168711469203,5.27,-0.3,-0.48,40,18.7,8.8,-555,1,0
2025-01-20 09:41:54.059673+00:00,39.99877922236465,29.994506500640906,39.99267533418787,5.68,0.61,0.49,41,18.7,8.3,560,231,30.165415369590427,5.32,-0.29,-0.48,40,18.3,8.4,-553,1,0
2025-01-20 09:41:55.402556+00:00,39.99877922236465,29.994506500640906,39.99267533418787,5.68,0.61,0.48,41,18.7,8.3,560,231,30.092168711469203,5.26,-0.3,-0.48,40,18.3,8.2,-553,1,0
2025-01-20 09:41:56.769362+00:00,39.99877922236465,29.994506500640906,39.99267533418787,5.66,0.61,0.48,41,18.7,8.3,560,231,29.902948177989376,5.3,-0.34,-0.49,40,18.3,8.5,-553,1,0
2025-01-20 09:41:58.128427+00:00,39.99877922236465,29.994506500640906,39.99267533418787,5.68,0.61,0.48,41,18.7,8.3,560,231,30.15320759323689,5.28,-0.3,-0.48,40,18.3,8.4,-553,1,0
2025-01-20 09:41:59.487869+00:00,39.99877922236465,29.994506500640906,39.99267533418787,5.67,0.61,0.48,41,18.7,8.3,560,231,30.134895928706584,5.33,-0.29,-0.49,40,18.3,8.3,-550,1,0
2025-01-20 09:42:00.842649+00:00,39.99877922236465,29.994506500640906,39.99267533418787,5.69,0.61,0.49,41,18.7,8.3,560,231,30.189830922297503,5.29,-0.31,-0.48,40,18.3,8.6,-554,1,0
2025-01-20 09:42:02.202751+00:00,39.99877922236465,29.994506500640906,39.99267533418787,5.68,0.61,0.48,41,18.7,8.4,560,231,30.06164927058536,5.34,-0.34,-0.48,40,18.1,8.7,-549,1,0
2025-01-20 09:42:03.562078+00:00,39.99877922236465,29.994506500640906,39.99267533418787,5.69,0.61,0.49,41,18.7,8.3,560,231,30.293597021302567,5.28,-0.29,-0.48,40,18.3,8.5,-554,1,0
2025-01-20 09:42:04.916173+00:00,39.99877922236465,29.994506500640906,39.99267533418787,5.71,0.61,0.48,41,18.7,8.4,560,231,30.086064823292435,5.31,-0.33,-0.48,40,18.1,8.2,-557,1,0
2025-01-20 09:42:06.277236+00:00,39.99877922236465,29.994506500640906,39.99267533418787,5.69,0.61,0.49,41,18.7,8.3,560,231,30.183727034120732,5.32,-0.31,-0.48,40,18.3,8.6,-553,1,0
2025-01-20 09:42:07.566609+00:00,39.99877922236465,29.994506500640906,39.99267533418787,5.69,0.61,0.49,41,18.7,8.3,560,231,30.147103705060122,5.31,-0.32,-0.49,40,18.3,8.2,-553,1,0
2025-01-20 09:42:08.995670+00:00,39.99877922236465,29.994506500640906,39.99267533418787,5.7,0.61,0.48,41,18.7,8.4,560,231,30.11658426417628,5.35,-0.32,-0.49,40,18.2,8.4,-549,1,0
2025-01-20 09:42:10.453983+00:00,39.99877922236465,29.994506500640906,39.99267533418787,5.68,0.61,0.49,41,18.7,8.4,560,231,30.15320759323689,5.22,-0.32,-0.48,40,18.3,8.8,-555,1,0
2025-01-20 09:42:11.790219+00:00,39.99877922236465,29.994506500640906,39.99267533418787,5.68,0.61,0.49,41,18.7,8.3,560,231,30.055545382408592,5.42,-0.3,-0.48,40,18.3,8.4,-553,1,0
2025-01-20 09:42:13.171658+00:00,39.99877922236465,29.994506500640906,39.99267533418787,5.66,0.61,0.48,41,18.7,8.3,560,231,30.098272599645973,5.32,-0.29,-0.48,40,18.2,7.8,-559,1,0
2025-01-20 09:42:14.528601+00:00,39.99877922236465,29.994506500640906,39.99267533418787,5.71,0.61,0.49,41,18.7,8.4,560,231,30.092168711469203,5.26,-0.3,-0.48,40,18.1,8.2,-557,1,0
2025-01-20 09:42:15.883984+00:00,39.99877922236465,29.994506500640906,39.99267533418787,5.68,0.61,0.49,41,18.7,8.4,560,231,30.098272599645973,5.3,-0.29,-0.48,40,18.3,8.6,-557,1,0
2025-01-20 09:42:17.243692+00:00,39.99877922236465,29.994506500640906,39.99267533418787,5.7,0.61,0.49,41,18.7,8.3,560,231,29.994506500640906,5.25,-0.29,-0.48,40,18.2,8.9,-550,1,0
2025-01-20 09:42:18.603376+00:00,39.99877922236465,29.994506500640906,39.99267533418787,5.7,0.61,0.49,41,18.7,8.4,560,231,30.15931148141366,5.29,-0.29,-0.48,40,18.8,8.3,-580,1,0
2025-01-20 09:42:19.953417+00:00,44.997863639138124,29.994506500640906,44.997863639138124,5.65,0.67,0.54,41,21.0,8.3,630,231,30.177623145943965,5.26,-0.32,-0.54,40,20.6,8.5,-623,1,0
2025-01-20 09:42:21.310887+00:00,44.997863639138124,29.994506500640906,44.997863639138124,5.67,0.67,0.54,41,21.0,8.3,630,231,30.128792040529817,5.3,-0.34,-0.55,40,20.6,8.2,-624,1,0
2025-01-20 09:42:22.640851+00:00,44.997863639138124,29.994506500640906,44.997863639138124,5.65,0.67,0.54,41,21.0,8.3,630,231,30.250869804065186,5.35,-0.38,-0.54,40,20.6,8.5,-623,1,0
2025-01-20 09:42:24.032656+00:00,44.997863639138124,29.994506500640906,44.997863639138124,5.66,0.67,0.54,41,21.0,8.3,630,231,30.15320759323689,5.28,-0.37,-0.55,40,20.7,8.9,-624,1,0
2025-01-20 09:42:25.387608+00:00,44.997863639138124,29.994506500640906,44.997863639138124,5.66,0.67,0.54,41,21.0,8.3,630,231,30.079960935115665,5.31,-0.36,-0.54,40,20.6,8.3,-621,1,0
2025-01-20 09:42:26.752101+00:00,44.997863639138124,29.994506500640906,44.997863639138124,5.67,0.67,0.54,41,21.0,8.3,630,231,29.88463651345907,5.29,-0.36,-0.55,40,20.6,8.2,-620,1,0
2025-01-20 09:42:28.107077+00:00,44.997863639138124,29.994506500640906,44.997863639138124,5.69,0.67,0.54,41,21.0,8.3,630,231,30.11658426417628,5.28,-0.34,-0.55,40,20.6,8.3,-622,1,0
2025-01-20 09:42:29.468964+00:00,44.997863639138124,29.994506500640906,44.997863639138124,5.67,0.67,0.54,41,21.0,8.3,630,231,30.02502594152475,5.34,-0.37,-0.55,40,20.6,8.4,-622,1,0
2025-01-20 09:42:30.820231+00:00,44.997863639138124,29.994506500640906,44.997863639138124,5.7,0.67,0.54,41,21.0,8.3,630,231,30.092168711469203,5.31,-0.35,-0.55,40,20.6,8.6,-626,1,0
2025-01-20 09:42:32.178234+00:00,44.997863639138124,29.994506500640906,44.997863639138124,5.68,0.67,0.54,41,21.0,8.3,630,231,30.098272599645973,5.28,-0.36,-0.55,40,20.8,8.4,-624,1,0
2025-01-20 09:42:33.546602+00:00,44.997863639138124,29.994506500640906,44.997863639138124,5.67,0.67,0.54,41,21.0,8.3,630,231,30.147103705060122,5.37,-0.35,-0.54,40,20.7,8.5,-624,1,0
2025-01-20 09:42:34.898550+00:00,44.997863639138124,29.994506500640906,44.997863639138124,5.68,0.67,0.54,41,21.0,8.3,630,231,30.079960935115665,5.35,-0.37,-0.55,40,20.6,8.6,-618,1,0
2025-01-20 09:42:36.254629+00:00,44.997863639138124,29.994506500640906,44.997863639138124,5.65,0.67,0.54,41,21.0,8.3,630,231,30.06775315876213,5.31,-0.34,-0.54,40,20.6,8.4,-620,1,0
2025-01-20 09:42:37.614324+00:00,44.997863639138124,29.994506500640906,44.997863639138124,5.66,0.67,0.54,41,21.0,8.3,630,231,30.15931148141366,5.34,-0.37,-0.54,40,20.6,8.4,-621,1,0
2025-01-20 09:42:39.179616+00:00,44.997863639138124,29.994506500640906,44.997863639138124,5.65,0.67,0.54,41,21.0,8.3,630,231,30.214246475004575,5.23,-0.37,-0.54,40,20.6,8.4,-624,1,0
2025-01-20 09:42:40.640860+00:00,44.997863639138124,29.994506500640906,44.997863639138124,5.68,0.67,0.54,41,21.0,8.3,630,231,30.098272599645973,5.33,-0.35,-0.55,40,20.6,8.4,-623,1,0
2025-01-20 09:42:41.968637+00:00,44.997863639138124,29.994506500640906,44.997863639138124,5.68,0.67,0.54,41,21.0,8.3,630,231,30.15931148141366,5.35,-0.36,-0.55,40,20.6,8.6,-625,1,0
2025-01-20 09:42:43.353549+00:00,44.997863639138124,29.994506500640906,44.997863639138124,5.66,0.67,0.54,41,21.0,8.3,630,231,30.110480375999508,5.28,-0.34,-0.55,40,20.6,8.1,-626,1,0
2025-01-20 09:42:44.711695+00:00,44.997863639138124,29.994506500640906,44.997863639138124,5.68,0.67,0.54,41,21.0,8.2,630,231,30.128792040529817,5.45,-0.34,-0.54,40,20.7,8.3,-623,1,0
2025-01-20 09:42:46.066769+00:00,44.997863639138124,29.994506500640906,44.997863639138124,5.68,0.67,0.54,41,21.0,8.3,630,231,30.256973692241957,5.27,-0.38,-0.55,40,20.6,8.5,-622,1,0
2025-01-20 09:42:47.411719+00:00,44.997863639138124,29.994506500640906,44.997863639138124,5.69,0.67,0.54,41,21.0,8.3,630,231,30.256973692241957,5.3,-0.37,-0.55,40,20.5,8.2,-618,1,0
2025-01-20 09:42:48.789349+00:00,44.997863639138124,29.994506500640906,44.997863639138124,5.7,0.67,0.54,41,21.0,8.3,630,231,30.128792040529817,5.3,-0.36,-0.55,40,20.5,8.5,-619,1,0
2025-01-20 09:42:50.142489+00:00,44.997863639138124,29.994506500640906,44.997863639138124,5.67,0.67,0.54,41,21.0,8.3,630,231,30.037233717878287,5.28,-0.36,-0.55,40,20.4,8.3,-630,1,0
2025-01-20 09:42:51.515356+00:00,44.997863639138124,29.994506500640906,44.997863639138124,5.68,0.67,0.54,41,21.0,8.3,630,231,30.15931148141366,5.33,-0.38,-0.55,40,20.6,8.5,-626,1,0
2025-01-20 09:42:52.859772+00:00,44.997863639138124,29.994506500640906,44.997863639138124,5.66,0.67,0.54,41,21.0,8.3,630,231,30.134895928706584,5.25,-0.37,-0.55,40,21.0,8.7,-624,1,0
2025-01-20 09:42:54.218068+00:00,44.997863639138124,29.994506500640906,44.997863639138124,5.66,0.67,0.54,41,21.0,8.3,630,231,30.11658426417628,5.37,-0.3,-0.55,40,20.6,8.3,-624,1,0
2025-01-20 09:42:55.578465+00:00,49.99694805591161,29.994506500640906,49.99084416773484,5.66,0.73,0.6,41,23.3,8.2,700,231,30.128792040529817,5.27,-0.42,-0.61,40,22.8,8.6,-688,1,0
2025-01-20 09:42:56.919359+00:00,49.99694805591161,29.994506500640906,49.99084416773484,5.67,0.73,0.6,41,23.3,8.2,700,231,30.110480375999508,5.3,-0.43,-0.61,40,22.9,8.4,-691,1,0
2025-01-20 09:42:58.294256+00:00,49.99694805591161,29.994506500640906,49.99084416773484,5.68,0.73,0.6,41,23.3,8.3,700,231,30.049441494231825,5.3,-0.44,-0.61,40,22.9,8.6,-696,1,0
2025-01-20 09:42:59.648486+00:00,49.99694805591161,29.994506500640906,49.99084416773484,5.67,0.73,0.6,41,23.3,8.3,700,231,30.06775315876213,5.27,-0.42,-0.61,40,22.9,8.7,-698,1,0
2025-01-20 09:43:01.015605+00:00,49.99694805591161,29.994506500640906,49.99084416773484,5.69,0.74,0.6,41,23.3,8.3,700,231,30.269181468595495,5.2,-0.43,-0.61,40,22.9,8.7,-692,1,0
2025-01-20 09:43:02.421301+00:00,49.99694805591161,29.994506500640906,49.99084416773484,5.64,0.73,0.6,41,23.3,8.2,700,231,30.23255813953488,5.34,-0.38,-0.61,40,23.0,8.8,-692,1,0
2025-01-20 09:43:03.825147+00:00,49.99694805591161,29.994506500640906,49.99084416773484,5.65,0.73,0.6,41,23.3,8.2,700,231,30.208142586827808,5.37,-0.38,-0.61,40,22.9,8.4,-690,1,0
2025-01-20 09:43:05.189933+00:00,49.99694805591161,29.994506500640906,49.99084416773484,5.68,0.73,0.6,41,23.3,8.2,700,231,29.89684428981261,5.27,-0.41,-0.61,40,22.8,8.7,-699,1,0
2025-01-20 09:43:06.623601+00:00,49.99694805591161,29.994506500640906,49.99084416773484,5.66,0.73,0.6,41,23.3,8.2,700,231,30.202038698651037,5.28,-0.42,-0.61,40,22.9,8.1,-689,1,0
2025-01-20 09:43:08.009017+00:00,49.99694805591161,29.994506500640906,49.99084416773484,5.67,0.73,0.6,41,23.3,8.2,700,231,30.183727034120732,5.35,-0.43,-0.61,40,22.9,8.2,-690,1,0
2025-01-20 09:43:09.333688+00:00,49.99694805591161,29.994506500640906,49.99084416773484,5.66,0.73,0.6,41,23.3,8.3,700,231,30.110480375999508,5.3,-0.39,-0.61,40,23.1,8.5,-694,1,0
2025-01-20 09:43:10.735495+00:00,49.99694805591161,29.994506500640906,49.99084416773484,5.65,0.73,0.6,41,23.3,8.3,700,231,30.202038698651037,5.32,-0.41,-0.61,40,23.0,8.3,-690,1,0
2025-01-20 09:43:12.081114+00:00,49.99694805591161,29.994506500640906,49.99084416773484,5.66,0.73,0.6,41,23.3,8.2,700,231,30.10437648782274,5.31,-0.44,-0.61,40,22.9,8.7,-692,1,0
2025-01-20 09:43:13.435394+00:00,49.99694805591161,29.994506500640906,49.99084416773484,5.65,0.73,0.6,41,23.3,8.3,700,231,30.110480375999508,5.35,-0.4,-0.61,40,22.9,8.2,-697,1,0
2025-01-20 09:43:14.799914+00:00,49.99694805591161,29.994506500640906,49.99084416773484,5.66,0.73,0.6,41,23.3,8.2,700,231,30.079960935115665,5.24,-0.37,-0.61,40,22.9,8.0,-701,1,0
2025-01-20 09:43:16.157114+00:00,49.99694805591161,29.994506500640906,49.99084416773484,5.67,0.73,0.6,41,23.3,8.2,700,231,30.10437648782274,5.28,-0.43,-0.61,40,23.5,8.6,-695,1,0
2025-01-20 09:43:17.509851+00:00,49.99694805591161,29.994506500640906,49.99084416773484,5.68,0.73,0.6,41,23.3,8.3,700,231,30.19593481047427,5.3,-0.41,-0.61,40,22.9,8.4,-693,1,0
2025-01-20 09:43:18.971516+00:00,49.99694805591161,29.994506500640906,49.99084416773484,5.68,0.73,0.6,41,23.3,8.3,700,231,30.049441494231825,5.26,-0.41,-0.61,40,22.9,8.9,-696,1,0
2025-01-20 09:43:20.329461+00:00,49.99694805591161,29.994506500640906,49.99084416773484,5.64,0.73,0.6,41,23.3,8.2,700,231,29.854117072575228,5.32,-0.4,-0.61,40,22.9,8.2,-698,1,0
2025-01-20 09:43:21.687101+00:00,49.99694805591161,29.994506500640906,49.99084416773484,5.66,0.73,0.6,41,23.3,8.2,700,231,30.220350363181343,5.28,-0.44,-0.6,40,22.9,8.7,-693,1,0
2025-01-20 09:43:23.045890+00:00,49.99694805591161,29.994506500640906,49.99084416773484,5.64,0.73,0.6,41,23.3,8.3,700,231,30.10437648782274,5.36,-0.37,-0.61,40,23.0,8.8,-693,1,0
2025-01-20 09:43:24.373111+00:00,49.99694805591161,29.994506500640906,49.99084416773484,5.66,0.73,0.6,41,23.3,8.2,700,231,29.945675395226758,5.28,-0.41,-0.61,40,22.9,8.3,-696,1,0
2025-01-20 09:43:25.761370+00:00,49.99694805591161,29.994506500640906,49.99084416773484,5.66,0.73,0.6,41,23.3,8.3,700,231,30.189830922297503,5.3,-0.4,-0.61,40,23.0,8.4,-693,1,0
2025-01-20 09:43:27.063184+00:00,54.996032472685094,29.994506500640906,54.98992858450833,5.67,0.79,0.66,41,25.7,8.2,770,231,30.147103705060122,5.19,-0.46,-0.67,40,25.3,8.7,-760,1,0
2025-01-20 09:43:28.476417+00:00,54.996032472685094,29.994506500640906,54.98992858450833,5.68,0.79,0.66,41,25.7,8.2,770,231,30.11658426417628,5.31,-0.49,-0.67,40,25.5,8.5,-764,1,0
2025-01-20 09:43:29.833911+00:00,54.996032472685094,29.994506500640906,54.98992858450833,5.65,0.79,0.65,41,25.7,8.2,770,231,30.10437648782274,5.27,-0.46,-0.67,40,25.5,8.4,-765,1,0
2025-01-20 09:43:31.194571+00:00,54.996032472685094,29.994506500640906,54.98992858450833,5.65,0.79,0.66,41,25.7,8.2,770,231,30.202038698651037,5.28,-0.47,-0.67,40,25.3,8.6,-762,1,0
2025-01-20 09:43:32.513199+00:00,54.996032472685094,29.994506500640906,54.98992858450833,5.63,0.79,0.66,41,25.7,8.2,770,231,30.177623145943965,5.33,-0.46,-0.67,40,25.2,8.7,-761,1,0
2025-01-20 09:43:33.910548+00:00,54.996032472685094,29.994506500640906,54.98992858450833,5.65,0.79,0.66,41,25.7,8.2,770,231,30.177623145943965,5.23,-0.42,-0.67,40,25.3,8.3,-762,1,0
2025-01-20 09:43:35.294297+00:00,54.996032472685094,29.994506500640906,54.98992858450833,5.67,0.79,0.66,41,25.7,8.2,770,231,30.269181468595495,5.23,-0.49,-0.67,40,25.2,8.9,-762,1,0
2025-01-20 09:43:36.792846+00:00,54.996032472685094,29.994506500640906,54.98992858450833,5.65,0.79,0.65,41,25.7,8.2,770,231,30.165415369590427,5.21,-0.47,-0.67,40,25.0,8.4,-768,1,0
2025-01-20 09:43:38.190514+00:00,54.996032472685094,29.994506500640906,54.98992858450833,5.65,0.79,0.66,41,25.7,8.2,770,231,30.263077580418724,5.22,-0.42,-0.67,40,25.3,8.5,-763,1,0
2025-01-20 09:43:39.547192+00:00,54.996032472685094,29.994506500640906,54.98992858450833,5.65,0.79,0.66,41,25.7,8.2,770,231,29.866324848928766,5.32,-0.48,-0.67,40,25.0,8.1,-769,1,0
2025-01-20 09:43:40.907049+00:00,54.996032472685094,29.994506500640906,54.98992858450833,5.65,0.79,0.66,41,25.7,8.2,770,231,29.9761948361106,5.34,-0.49,-0.67,40,25.3,8.4,-767,1,0
2025-01-20 09:43:42.267307+00:00,54.996032472685094,29.994506500640906,54.98992858450833,5.66,0.79,0.66,41,25.7,8.2,770,231,30.147103705060122,5.23,-0.47,-0.66,40,25.3,8.4,-763,1,0
2025-01-20 09:43:43.726003+00:00,54.996032472685094,29.994506500640906,54.98992858450833,5.66,0.79,0.65,41,25.7,8.2,770,231,30.11658426417628,5.36,-0.5,-0.67,40,25.5,8.5,-764,1,0
2025-01-20 09:43:45.084578+00:00,54.996032472685094,29.994506500640906,54.98992858450833,5.65,0.79,0.66,41,25.7,8.2,770,231,30.10437648782274,5.26,-0.49,-0.67,40,25.3,8.4,-763,1,0
2025-01-20 09:43:46.439888+00:00,54.996032472685094,29.994506500640906,54.98992858450833,5.64,0.79,0.65,41,25.7,8.2,770,231,30.24476591588842,5.32,-0.43,-0.67,40,25.3,8.4,-762,1,0
2025-01-20 09:43:47.800539+00:00,54.996032472685094,29.994506500640906,54.98992858450833,5.65,0.8,0.66,41,25.7,8.2,770,231,30.269181468595495,5.34,-0.45,-0.67,40,25.2,8.7,-759,1,0
2025-01-20 09:43:49.158841+00:00,54.996032472685094,29.994506500640906,54.98992858450833,5.67,0.79,0.65,41,25.7,8.2,770,231,30.006714276994444,5.26,-0.47,-0.67,40,25.3,8.0,-766,1,0
2025-01-20 09:43:50.515642+00:00,54.996032472685094,29.994506500640906,54.98992858450833,5.65,0.79,0.65,41,25.7,8.2,770,231,30.14099981688335,5.25,-0.47,-0.67,40,25.3,8.4,-763,1,0
2025-01-20 09:43:51.866660+00:00,54.996032472685094,29.994506500640906,54.98992858450833,5.68,0.79,0.66,41,25.7,8.2,770,231,30.189830922297503,5.34,-0.47,-0.67,40,25.2,8.6,-759,1,0
2025-01-20 09:43:53.233067+00:00,54.996032472685094,29.994506500640906,54.98992858450833,5.67,0.8,0.66,41,25.7,8.2,770,231,30.06775315876213,5.28,-0.44,-0.67,40,25.2,8.4,-762,1,0
2025-01-20 09:43:54.589197+00:00,54.996032472685094,29.994506500640906,54.98992858450833,5.67,0.79,0.66,41,25.7,8.2,770,231,30.098272599645973,5.27,-0.45,-0.67,40,25.4,8.5,-764,1,0
2025-01-20 09:43:56.051073+00:00,54.996032472685094,29.994506500640906,54.98992858450833,5.67,0.79,0.65,41,25.7,8.2,770,231,30.214246475004575,5.28,-0.45,-0.67,40,25.2,8.5,-758,1,0
2025-01-20 09:43:57.380611+00:00,54.996032472685094,29.994506500640906,54.98992858450833,5.63,0.79,0.66,41,25.7,8.2,770,231,30.049441494231825,5.17,-0.48,-0.67,40,25.3,7.9,-765,1,0
2025-01-20 09:43:58.772930+00:00,59.99511688945858,29.994506500640906,59.98901300128181,5.67,0.86,0.72,41,28.0,8.2,840,231,30.092168711469203,5.34,-0.51,-0.73,40,27.5,8.7,-827,1,0
2025-01-20 09:44:00.124779+00:00,59.99511688945858,29.994506500640906,59.98901300128181,5.66,0.85,0.71,41,28.0,8.2,840,231,30.018922053347982,5.3,-0.54,-0.73,40,27.6,8.1,-835,1,0
2025-01-20 09:44:01.486121+00:00,59.99511688945858,29.994506500640906,59.98901300128181,5.67,0.86,0.72,41,28.0,8.1,840,231,30.128792040529817,5.34,-0.53,-0.73,40,27.5,8.6,-832,1,0
2025-01-20 09:44:02.836449+00:00,59.99511688945858,29.994506500640906,59.98901300128181,5.66,0.86,0.72,41,28.0,8.2,840,231,30.110480375999508,5.34,-0.55,-0.73,40,27.6,8.5,-831,1,0
2025-01-20 09:44:04.198398+00:00,59.99511688945858,29.994506500640906,59.98901300128181,5.63,0.85,0.71,41,28.0,8.1,840,231,30.128792040529817,5.31,-0.48,-0.73,40,27.6,8.7,-827,1,0
2025-01-20 09:44:05.556513+00:00,59.99511688945858,29.994506500640906,59.98901300128181,5.65,0.85,0.71,41,28.0,8.2,840,231,30.079960935115665,5.3,-0.53,-0.73,40,27.6,8.4,-831,1,0
2025-01-20 09:44:06.914126+00:00,59.99511688945858,29.994506500640906,59.98901300128181,5.63,0.85,0.71,41,28.0,8.2,840,231,30.092168711469203,5.3,-0.51,-0.74,40,27.6,8.2,-833,1,0
2025-01-20 09:44:08.272787+00:00,59.99511688945858,29.994506500640906,59.98901300128181,5.66,0.86,0.72,41,28.0,8.2,840,231,29.97009094793383,5.27,-0.52,-0.73,40,27.6,8.2,-836,1,0
2025-01-20 09:44:09.735503+00:00,59.99511688945858,29.994506500640906,59.98901300128181,5.67,0.86,0.72,41,28.0,8.2,840,231,29.939571507049987,5.31,-0.51,-0.73,40,27.6,8.2,-831,1,0
2025-01-20 09:44:11.091505+00:00,59.99511688945858,29.994506500640906,59.98901300128181,5.64,0.86,0.71,41,28.0,8.2,840,231,30.177623145943965,5.3,-0.5,-0.73,40,27.6,8.2,-835,1,0
2025-01-20 09:44:12.460091+00:00,59.99511688945858,29.994506500640906,59.98901300128181,5.65,0.85,0.71,41,28.0,8.2,840,231,30.14099981688335,5.3,-0.55,-0.74,40,27.6,8.5,-832,1,0
2025-01-20 09:44:13.770653+00:00,59.99511688945858,29.994506500640906,59.98901300128181,5.63,0.86,0.71,41,28.0,8.1,840,231,29.963987059757063,5.3,-0.48,-0.73,40,27.6,8.6,-835,1,0
2025-01-20 09:44:15.169383+00:00,59.99511688945858,29.994506500640906,59.98901300128181,5.65,0.85,0.71,41,28.0,8.2,840,231,30.24476591588842,5.32,-0.5,-0.73,40,27.7,8.5,-835,1,0
2025-01-20 09:44:16.544626+00:00,59.99511688945858,29.994506500640906,59.98901300128181,5.66,0.85,0.71,41,28.0,8.2,840,231,30.269181468595495,5.33,-0.49,-0.73,40,27.4,8.2,-831,1,0
2025-01-20 09:44:17.883479+00:00,59.99511688945858,29.994506500640906,59.98901300128181,5.66,0.86,0.72,41,28.0,8.2,840,231,30.018922053347982,5.27,-0.52,-0.73,40,27.6,8.8,-833,1,0
2025-01-20 09:44:19.343973+00:00,59.99511688945858,29.994506500640906,59.98901300128181,5.67,0.85,0.71,41,28.0,8.2,840,231,30.214246475004575,5.26,-0.5,-0.73,40,27.6,8.4,-831,1,0
2025-01-20 09:44:20.702388+00:00,59.99511688945858,29.994506500640906,59.98901300128181,5.63,0.86,0.72,41,28.0,8.2,840,231,30.171519257767194,5.28,-0.5,-0.73,40,27.4,8.3,-839,1,0
2025-01-20 09:44:22.059503+00:00,59.99511688945858,29.994506500640906,59.98901300128181,5.65,0.85,0.71,41,28.0,8.2,840,231,30.2874931331258,5.28,-0.5,-0.73,40,27.6,8.7,-827,1,0
2025-01-20 09:44:23.418324+00:00,59.99511688945858,29.994506500640906,59.98901300128181,5.64,0.85,0.71,41,28.0,8.2,840,231,30.098272599645973,5.32,-0.48,-0.73,40,27.6,8.5,-831,1,0
2025-01-20 09:44:24.777173+00:00,59.99511688945858,29.994506500640906,59.98901300128181,5.66,0.85,0.71,41,28.0,8.2,840,231,30.299700909479338,5.34,-0.49,-0.73,40,27.6,8.6,-833,1,0
2025-01-20 09:44:26.131784+00:00,59.99511688945858,29.994506500640906,59.98901300128181,5.67,0.85,0.71,41,28.0,8.2,840,231,30.183727034120732,5.31,-0.53,-0.73,40,27.6,8.4,-831,1,0
2025-01-20 09:44:27.476222+00:00,59.99511688945858,29.994506500640906,59.98901300128181,5.65,0.86,0.72,41,28.0,8.2,840,231,30.073857046938897,5.28,-0.51,-0.73,40,27.7,8.3,-835,1,0
2025-01-20 09:44:28.814512+00:00,59.99511688945858,29.994506500640906,59.98901300128181,5.68,0.86,0.72,41,28.0,8.2,840,231,30.098272599645973,5.25,-0.51,-0.73,40,27.6,8.4,-833,1,0
2025-01-20 09:44:30.201855+00:00,59.99511688945858,29.994506500640906,59.98901300128181,5.66,0.85,0.71,41,28.0,8.2,840,231,30.073857046938897,5.26,-0.5,-0.73,40,27.8,8.3,-836,1,0
2025-01-20 09:44:31.563891+00:00,59.99511688945858,29.994506500640906,59.98901300128181,5.64,0.85,0.71,41,28.0,8.2,840,231,30.11658426417628,5.3,-0.49,-0.73,40,27.6,8.6,-827,1,0
2025-01-20 09:44:32.922844+00:00,64.99420130623207,29.994506500640906,64.98809741805529,5.65,0.91,0.77,41,30.3,8.1,910,231,30.2874931331258,5.19,-0.58,-0.79,40,29.9,8.4,-900,1,0
2025-01-20 09:44:34.275830+00:00,64.99420130623207,29.994506500640906,64.98809741805529,5.64,0.91,0.77,41,30.3,8.1,910,231,30.01281816517121,5.28,-0.57,-0.79,40,30.5,8.4,-904,1,0
2025-01-20 09:44:35.636204+00:00,64.99420130623207,29.994506500640906,64.98809741805529,5.67,0.91,0.77,41,30.3,8.2,910,231,30.110480375999508,5.26,-0.5,-0.79,40,29.9,8.3,-900,1,0
2025-01-20 09:44:36.995616+00:00,64.99420130623207,29.994506500640906,64.98809741805529,5.65,0.92,0.77,41,30.3,8.1,910,231,29.878532625282304,5.36,-0.59,-0.79,40,30.0,8.1,-905,1,0
2025-01-20 09:44:38.349426+00:00,64.99420130623207,29.994506500640906,64.98809741805529,5.66,0.91,0.77,41,30.3,8.1,910,231,30.01281816517121,5.33,-0.54,-0.79,40,29.9,8.4,-903,1,0
2025-01-20 09:44:39.714645+00:00,64.99420130623207,29.994506500640906,64.98809741805529,5.65,0.91,0.77,41,30.3,8.1,910,231,30.183727034120732,5.27,-0.58,-0.79,40,29.7,8.3,-899,1,0
2025-01-20 09:44:41.070980+00:00,64.99420130623207,29.994506500640906,64.98809741805529,5.62,0.92,0.77,41,30.3,8.1,910,231,30.28138924494903,5.24,-0.55,-0.79,40,29.9,8.5,-897,1,0
2025-01-20 09:44:42.427221+00:00,64.99420130623207,29.994506500640906,64.98809741805529,5.64,0.92,0.77,41,30.3,8.2,910,231,30.14099981688335,5.36,-0.57,-0.79,40,29.9,8.3,-906,1,0
2025-01-20 09:44:43.784728+00:00,64.99420130623207,29.994506500640906,64.98809741805529,5.64,0.92,0.77,41,30.3,8.1,910,231,30.171519257767194,5.27,-0.53,-0.8,40,30.1,8.6,-904,1,0
2025-01-20 09:44:45.141521+00:00,64.99420130623207,29.994506500640906,64.98809741805529,5.65,0.91,0.77,41,30.3,8.1,910,231,30.305804797656105,5.27,-0.59,-0.79,40,29.9,8.8,-898,1,0
2025-01-20 09:44:46.500050+00:00,64.99420130623207,29.994506500640906,64.98809741805529,5.66,0.91,0.77,41,30.3,8.1,910,231,30.073857046938897,5.22,-0.61,-0.79,40,30.3,8.7,-904,1,0
2025-01-20 09:44:47.858423+00:00,64.99420130623207,29.994506500640906,64.98809741805529,5.66,0.92,0.77,41,30.3,8.2,910,231,30.147103705060122,5.27,-0.61,-0.79,40,29.9,8.7,-901,1,0
2025-01-20 09:44:49.163558+00:00,64.99420130623207,29.994506500640906,64.98809741805529,5.66,0.92,0.77,41,30.3,8.1,910,231,29.915155954342914,5.36,-0.58,-0.79,40,30.3,8.7,-904,1,0
2025-01-20 09:44:50.551183+00:00,64.99420130623207,29.994506500640906,64.98809741805529,5.65,0.91,0.77,41,30.3,8.1,910,231,30.23866202771165,5.31,-0.54,-0.79,40,29.9,8.5,-902,1,0
2025-01-20 09:44:51.929724+00:00,64.99420130623207,29.994506500640906,64.98809741805529,5.65,0.91,0.77,41,30.3,8.1,910,231,30.14099981688335,5.34,-0.5,-0.79,40,29.9,8.4,-900,1,0
2025-01-20 09:44:53.289491+00:00,64.99420130623207,29.994506500640906,64.98809741805529,5.63,0.92,0.77,41,30.3,8.1,910,231,30.092168711469203,5.25,-0.54,-0.8,40,30.0,8.9,-903,1,0
2025-01-20 09:44:54.648150+00:00,64.99420130623207,29.994506500640906,64.98809741805529,5.63,0.92,0.77,41,30.3,8.2,910,231,30.110480375999508,5.34,-0.58,-0.79,40,29.7,8.4,-910,1,0
2025-01-20 09:44:56.005201+00:00,64.99420130623207,29.994506500640906,64.98809741805529,5.66,0.92,0.77,41,30.3,8.1,910,231,29.98840261246414,5.3,-0.56,-0.8,40,30.0,8.7,-903,1,0
2025-01-20 09:44:57.365430+00:00,64.99420130623207,29.994506500640906,64.98809741805529,5.65,0.91,0.76,41,30.3,8.1,910,231,30.311908685832872,5.27,-0.58,-0.79,40,29.9,8.9,-897,1,0
2025-01-20 09:44:58.825395+00:00,64.99420130623207,29.994506500640906,64.98809741805529,5.67,0.92,0.77,41,30.3,8.1,910,231,30.122688152353046,5.28,-0.58,-0.8,40,30.1,8.3,-904,1,0
2025-01-20 09:45:00.182457+00:00,64.99420130623207,29.994506500640906,64.98809741805529,5.63,0.92,0.77,41,30.3,8.1,910,231,30.043337606055054,5.32,-0.59,-0.8,40,30.0,8.3,-902,1,0
2025-01-20 09:45:01.541312+00:00,64.99420130623207,29.994506500640906,64.98809741805529,5.63,0.91,0.77,41,30.3,8.1,910,231,30.189830922297503,5.25,-0.5,-0.79,40,29.9,8.6,-900,1,0
2025-01-20 09:45:02.913764+00:00,64.99420130623207,29.994506500640906,64.98809741805529,5.65,0.91,0.77,41,30.3,8.1,910,231,30.000610388817673,5.25,-0.57,-0.79,40,30.0,8.2,-905,1,0
2025-01-20 09:45:04.306839+00:00,64.99420130623207,29.994506500640906,64.98809741805529,5.65,0.91,0.77,41,30.3,8.1,910,231,30.348532014893486,5.27,-0.58,-0.79,40,29.7,8.0,-899,1,0
2025-01-20 09:45:05.723530+00:00,64.99420130623207,29.994506500640906,64.98809741805529,5.66,0.91,0.77,41,30.3,8.1,910,231,30.171519257767194,5.26,-0.57,-0.79,40,29.8,9.0,-898,1,0
2025-01-20 09:45:07.393787+00:00,64.99420130623207,29.994506500640906,64.98809741805529,5.66,0.92,0.77,41,30.3,8.1,914,231,30.214246475004575,5.32,-0.59,-0.81,40,31.2,8.5,-948,1,0
2025-01-20 09:45:08.750573+00:00,69.99938961118232,29.994506500640906,69.99328572300556,5.62,0.98,0.83,41,32.7,8.1,980,231,29.945675395226758,5.17,-0.61,-0.85,40,32.3,8.6,-972,1,0
2025-01-20 09:45:10.063346+00:00,69.99938961118232,29.994506500640906,69.99328572300556,5.66,0.97,0.83,41,32.7,8.1,980,231,30.220350363181343,5.29,-0.61,-0.85,40,32.1,7.9,-968,1,0
2025-01-20 09:45:11.447272+00:00,69.99938961118232,29.994506500640906,69.99328572300556,5.65,0.97,0.83,41,32.7,8.1,980,231,30.147103705060122,5.3,-0.61,-0.86,40,32.3,8.4,-975,1,0
2025-01-20 09:45:12.821581+00:00,69.99938961118232,29.994506500640906,69.99328572300556,5.66,0.98,0.83,41,32.7,8.1,980,231,30.2874931331258,5.21,-0.64,-0.85,40,32.2,8.5,-971,1,0
2025-01-20 09:45:14.179652+00:00,69.99938961118232,29.994506500640906,69.99328572300556,5.65,0.98,0.83,41,32.7,8.1,980,231,30.15320759323689,5.26,-0.62,-0.85,40,32.2,8.3,-976,1,0
2025-01-20 09:45:15.512228+00:00,69.99938961118232,29.994506500640906,69.99328572300556,5.63,0.98,0.83,41,32.7,8.1,980,231,30.354635903070253,5.28,-0.64,-0.86,40,32.2,8.1,-978,1,0
2025-01-20 09:45:16.907649+00:00,69.99938961118232,29.994506500640906,69.99328572300556,5.64,0.97,0.83,41,32.7,8.1,980,231,30.183727034120732,5.27,-0.6,-0.86,40,32.2,8.4,-969,1,0
2025-01-20 09:45:18.251868+00:00,69.99938961118232,29.994506500640906,69.99328572300556,5.63,0.97,0.83,41,32.7,8.1,980,231,29.98840261246414,5.32,-0.65,-0.86,40,32.3,8.6,-974,1,0
2025-01-20 09:45:19.611731+00:00,69.99938961118232,29.994506500640906,69.99328572300556,5.65,0.97,0.83,41,32.7,8.1,980,231,30.220350363181343,5.28,-0.67,-0.86,40,32.2,8.7,-976,1,0
2025-01-20 09:45:20.968977+00:00,69.99938961118232,29.994506500640906,69.99328572300556,5.65,0.98,0.83,41,32.7,8.1,980,231,30.128792040529817,5.31,-0.64,-0.85,40,32.3,8.7,-976,1,0
2025-01-20 09:45:22.334362+00:00,69.99938961118232,29.994506500640906,69.99328572300556,5.65,0.97,0.83,41,32.7,8.1,980,231,29.97009094793383,5.31,-0.59,-0.86,40,32.3,8.4,-973,1,0
2025-01-20 09:45:23.648453+00:00,69.99938961118232,29.994506500640906,69.99328572300556,5.67,0.97,0.83,41,32.7,8.1,980,231,30.02502594152475,5.38,-0.64,-0.86,40,32.6,8.3,-974,1,0
2025-01-20 09:45:25.049179+00:00,69.99938961118232,29.994506500640906,69.99328572300556,5.65,0.98,0.83,41,32.7,8.1,980,231,30.06775315876213,5.28,-0.6,-0.85,40,32.3,8.9,-969,1,0
2025-01-20 09:45:26.399971+00:00,69.99938961118232,29.994506500640906,69.99328572300556,5.63,0.98,0.83,41,32.7,8.1,980,231,30.01281816517121,5.25,-0.6,-0.86,40,32.2,8.4,-973,1,0
2025-01-20 09:45:27.761206+00:00,69.99938961118232,29.994506500640906,69.99328572300556,5.62,0.97,0.82,41,32.7,8.1,980,231,30.018922053347982,5.37,-0.63,-0.86,40,32.3,8.3,-975,1,0
2025-01-20 09:45:29.115989+00:00,69.99938961118232,29.994506500640906,69.99328572300556,5.63,0.97,0.83,41,32.7,8.1,980,231,29.9761948361106,5.35,-0.62,-0.85,40,32.6,8.2,-978,1,0
2025-01-20 09:45:30.474996+00:00,69.99938961118232,29.994506500640906,69.99328572300556,5.65,0.98,0.83,41,32.7,8.1,980,231,30.06775315876213,5.31,-0.62,-0.86,40,32.3,8.6,-974,1,0
2025-01-20 09:45:31.828124+00:00,69.99938961118232,29.994506500640906,69.99328572300556,5.65,0.98,0.83,41,32.7,8.1,980,231,30.15320759323689,5.3,-0.58,-0.85,40,32.3,8.5,-968,1,0
2025-01-20 09:45:33.189340+00:00,69.99938961118232,29.994506500640906,69.99328572300556,5.66,0.98,0.83,41,32.7,8.1,980,231,30.043337606055054,5.3,-0.59,-0.86,40,32.2,8.4,-973,1,0
2025-01-20 09:45:34.546460+00:00,69.99938961118232,29.994506500640906,69.99328572300556,5.64,0.98,0.83,41,32.7,8.1,980,231,30.06775315876213,5.29,-0.62,-0.86,40,32.3,8.6,-975,1,0
2025-01-20 09:45:35.901119+00:00,69.99938961118232,29.994506500640906,69.99328572300556,5.63,0.98,0.83,41,32.7,8.1,980,231,29.9761948361106,5.25,-0.6,-0.86,40,32.3,8.6,-968,1,0
2025-01-20 09:45:37.263469+00:00,69.99938961118232,29.994506500640906,69.99328572300556,5.63,0.98,0.83,41,32.7,8.1,980,231,30.037233717878287,5.28,-0.65,-0.86,40,32.4,8.5,-973,1,0
2025-01-20 09:45:38.620296+00:00,69.99938961118232,29.994506500640906,69.99328572300556,5.62,0.97,0.83,41,32.7,8.1,980,231,30.122688152353046,5.31,-0.64,-0.86,40,32.2,8.5,-973,1,0
2025-01-20 09:45:39.980490+00:00,69.99938961118232,29.994506500640906,69.99328572300556,5.64,0.98,0.83,41,32.7,8.1,980,231,30.037233717878287,5.26,-0.63,-0.85,40,32.2,8.6,-972,1,0
2025-01-20 09:45:41.545782+00:00,74.99847402795581,29.994506500640906,72.355490447415,5.9,1.31,1.17,41,34.6,10.9,1050,231,30.165415369590427,5.3,-0.62,-0.92,40,34.6,8.7,-1040,1,0
2025-01-20 09:45:42.904630+00:00,74.99847402795581,29.994506500640906,74.99237013977903,5.64,1.04,0.88,41,35.0,8.1,1050,231,30.15931148141366,5.31,-0.69,-0.91,40,34.2,8.2,-1048,1,0
2025-01-20 09:45:44.262665+00:00,74.99847402795581,29.994506500640906,74.99237013977903,5.67,1.04,0.88,41,35.0,8.1,1050,231,30.018922053347982,5.26,-0.65,-0.91,40,34.6,8.7,-1038,1,0
2025-01-20 09:45:45.617394+00:00,74.99847402795581,29.994506500640906,74.99237013977903,5.64,1.04,0.88,41,35.0,8.0,1050,231,30.06164927058536,5.3,-0.69,-0.92,40,34.6,8.6,-1047,1,0
2025-01-20 09:45:46.977344+00:00,74.99847402795581,29.994506500640906,74.99237013977903,5.66,1.04,0.89,41,35.0,8.1,1050,231,30.293597021302567,5.32,-0.67,-0.91,40,34.4,8.3,-1050,1,0
2025-01-20 09:45:48.334196+00:00,74.99847402795581,29.994506500640906,74.99237013977903,5.62,1.04,0.89,41,35.0,8.1,1050,231,29.939571507049987,5.34,-0.64,-0.92,40,34.6,8.2,-1037,1,0
2025-01-20 09:45:49.693512+00:00,74.99847402795581,29.994506500640906,74.99237013977903,5.62,1.03,0.88,41,35.0,8.1,1050,231,30.220350363181343,5.31,-0.72,-0.91,40,34.4,8.1,-1049,1,0
2025-01-20 09:45:51.054436+00:00,74.99847402795581,29.994506500640906,74.99237013977903,5.65,1.04,0.89,41,35.0,8.1,1050,231,30.202038698651037,5.26,-0.65,-0.92,40,34.5,8.6,-1037,1,0
2025-01-20 09:45:52.406469+00:00,74.99847402795581,29.994506500640906,74.99237013977903,5.63,1.03,0.88,41,35.0,8.1,1050,231,30.134895928706584,5.28,-0.69,-0.92,40,34.7,8.6,-1048,1,0
2025-01-20 09:45:53.765638+00:00,74.99847402795581,29.994506500640906,74.99237013977903,5.66,1.04,0.88,41,35.0,8.1,1050,231,30.305804797656105,5.2,-0.68,-0.91,40,34.5,8.4,-1050,1,0
2025-01-20 09:45:55.123968+00:00,74.99847402795581,29.994506500640906,74.99237013977903,5.66,1.04,0.89,41,35.0,8.1,1050,231,29.89074040163584,5.28,-0.71,-0.92,40,34.6,8.5,-1039,1,0
2025-01-20 09:45:56.480369+00:00,74.99847402795581,29.994506500640906,74.99237013977903,5.66,1.04,0.88,41,35.0,8.1,1050,231,30.23255813953488,5.19,-0.7,-0.92,40,34.6,7.6,-1045,1,0
2025-01-20 09:45:57.839863+00:00,74.99847402795581,29.994506500640906,74.99237013977903,5.64,1.04,0.89,41,35.0,8.1,1050,231,30.19593481047427,5.28,-0.68,-0.92,40,34.6,8.2,-1037,1,0
2025-01-20 09:45:59.197306+00:00,74.99847402795581,29.994506500640906,74.99237013977903,5.62,1.04,0.88,41,35.0,8.1,1050,231,30.02502594152475,5.24,-0.69,-0.92,40,34.6,8.9,-1041,1,0
2025-01-20 09:46:00.532657+00:00,74.99847402795581,29.994506500640906,74.99237013977903,5.65,1.04,0.88,41,35.0,8.1,1050,231,30.031129829701516,5.33,-0.7,-0.92,40,34.7,8.5,-1043,1,0
2025-01-20 09:46:01.853487+00:00,74.99847402795581,29.994506500640906,74.99237013977903,5.62,1.04,0.88,41,35.0,8.1,1050,231,30.06164927058536,5.19,-0.72,-0.92,40,34.6,8.3,-1044,1,0
2025-01-20 09:46:03.164129+00:00,74.99847402795581,29.994506500640906,74.99237013977903,5.64,1.03,0.88,41,35.0,8.1,1050,231,29.994506500640906,5.22,-0.7,-0.91,40,35.0,8.4,-1047,1,0
2025-01-20 09:46:04.526269+00:00,74.99847402795581,29.994506500640906,74.99237013977903,5.64,1.03,0.88,41,35.0,8.1,1050,231,30.220350363181343,5.27,-0.67,-0.91,40,34.5,8.4,-1047,1,0
2025-01-20 09:46:05.909194+00:00,74.99847402795581,29.994506500640906,74.99237013977903,5.63,1.04,0.89,41,35.0,8.0,1050,231,30.06164927058536,5.25,-0.65,-0.92,40,34.6,8.7,-1040,1,0
2025-01-20 09:46:07.239166+00:00,74.99847402795581,29.994506500640906,74.99237013977903,5.66,1.05,0.89,41,35.0,8.1,1050,231,30.134895928706584,5.29,-0.67,-0.92,40,34.6,8.2,-1040,1,0
2025-01-20 09:46:08.596119+00:00,74.99847402795581,29.994506500640906,74.99237013977903,5.65,1.04,0.89,41,35.0,8.1,1050,231,30.128792040529817,5.32,-0.64,-0.92,40,34.6,8.9,-1040,1,0
2025-01-20 09:46:09.953860+00:00,74.99847402795581,29.994506500640906,74.99237013977903,5.64,1.04,0.88,41,35.0,8.0,1050,231,29.982298724287368,5.28,-0.6,-0.92,40,34.6,8.4,-1040,1,0
2025-01-20 09:46:11.314073+00:00,74.99847402795581,29.994506500640906,74.99237013977903,5.62,1.03,0.89,41,35.0,8.1,1050,231,30.189830922297503,5.3,-0.64,-0.91,40,34.6,8.5,-1046,1,0
2025-01-20 09:46:12.670020+00:00,74.99847402795581,29.994506500640906,74.99237013977903,5.63,1.04,0.89,41,35.0,8.1,1050,231,30.031129829701516,5.33,-0.62,-0.91,40,34.6,8.5,-1041,1,0
2025-01-20 09:46:13.997198+00:00,79.9975584447293,29.994506500640906,79.99145455655251,5.66,1.1,0.94,41,37.3,8.0,1120,231,30.01281816517121,5.31,-0.71,-0.98,40,36.9,8.2,-1113,1,0
2025-01-20 09:46:15.386980+00:00,79.9975584447293,29.994506500640906,79.99145455655251,5.64,1.1,0.94,41,37.3,8.1,1120,231,30.220350363181343,5.31,-0.71,-0.98,40,37.4,8.4,-1113,1,0
2025-01-20 09:46:16.744486+00:00,79.9975584447293,29.994506500640906,79.99145455655251,5.65,1.1,0.95,41,37.3,8.1,1120,231,30.14099981688335,5.31,-0.7,-0.97,40,36.9,8.7,-1120,1,0
2025-01-20 09:46:18.101848+00:00,79.9975584447293,29.994506500640906,79.99145455655251,5.63,1.1,0.95,41,37.3,8.1,1120,231,30.177623145943965,5.28,-0.7,-0.98,40,36.8,8.5,-1116,1,0
2025-01-20 09:46:19.459100+00:00,79.9975584447293,29.994506500640906,79.99145455655251,5.63,1.1,0.94,41,37.3,8.1,1120,231,30.250869804065186,5.21,-0.73,-0.98,40,37.3,8.6,-1113,1,0
2025-01-20 09:46:20.828687+00:00,79.9975584447293,29.994506500640906,79.99145455655251,5.63,1.09,0.94,41,37.3,8.0,1120,231,29.9761948361106,5.27,-0.76,-0.98,40,37.0,8.7,-1114,1,0
2025-01-20 09:46:22.175318+00:00,79.9975584447293,29.994506500640906,79.99145455655251,5.63,1.1,0.94,41,37.3,8.0,1120,231,30.06775315876213,5.31,-0.7,-0.97,40,36.9,8.4,-1112,1,0
2025-01-20 09:46:23.534424+00:00,79.9975584447293,29.994506500640906,79.99145455655251,5.66,1.1,0.94,41,37.3,8.1,1120,231,30.073857046938897,5.26,-0.64,-0.97,40,36.9,8.7,-1111,1,0
2025-01-20 09:46:24.889893+00:00,79.9975584447293,29.994506500640906,79.99145455655251,5.65,1.1,0.94,41,37.3,8.1,1120,231,30.330220350363177,5.19,-0.75,-0.97,40,37.2,8.2,-1114,1,0
2025-01-20 09:46:26.249982+00:00,79.9975584447293,29.994506500640906,79.99145455655251,5.64,1.1,0.94,41,37.3,8.1,1120,231,29.97009094793383,5.22,-0.73,-0.98,40,37.0,8.3,-1115,1,0
2025-01-20 09:46:27.719730+00:00,79.9975584447293,29.994506500640906,79.99145455655251,5.63,1.1,0.94,41,37.3,8.1,1120,231,30.037233717878287,5.32,-0.71,-0.98,40,36.9,8.7,-1115,1,0
2025-01-20 09:46:29.175468+00:00,79.9975584447293,29.994506500640906,79.99145455655251,5.65,1.09,0.93,41,37.3,8.0,1120,231,29.878532625282304,5.24,-0.74,-0.98,40,37.3,8.7,-1113,1,0
2025-01-20 09:46:30.532545+00:00,79.9975584447293,29.994506500640906,79.99145455655251,5.63,1.1,0.95,41,37.3,8.1,1120,231,29.97009094793383,5.19,-0.7,-0.98,40,36.9,8.5,-1111,1,0
2025-01-20 09:46:31.892058+00:00,79.9975584447293,29.994506500640906,79.99145455655251,5.62,1.1,0.94,41,37.3,8.1,1120,231,30.110480375999508,5.35,-0.71,-0.98,40,36.5,8.1,-1110,1,0
2025-01-20 09:46:33.244902+00:00,79.9975584447293,29.994506500640906,79.99145455655251,5.63,1.1,0.94,41,37.3,8.0,1120,231,30.28138924494903,5.29,-0.75,-0.98,40,37.0,8.5,-1114,1,0
2025-01-20 09:46:34.605704+00:00,79.9975584447293,29.994506500640906,79.99145455655251,5.64,1.09,0.94,41,37.3,8.0,1120,231,29.945675395226758,5.28,-0.69,-0.98,40,37.0,8.6,-1110,1,0
2025-01-20 09:46:35.962920+00:00,79.9975584447293,29.994506500640906,79.99145455655251,5.63,1.09,0.94,41,37.3,8.1,1120,231,29.92125984251968,5.39,-0.77,-0.98,40,37.1,8.6,-1113,1,0
2025-01-20 09:46:37.321168+00:00,79.9975584447293,29.994506500640906,79.99145455655251,5.66,1.1,0.95,41,37.3,8.1,1120,231,30.043337606055054,5.29,-0.71,-0.98,40,36.9,8.4,-1109,1,0
2025-01-20 09:46:38.711261+00:00,79.9975584447293,29.994506500640906,79.99145455655251,5.64,1.1,0.94,41,37.3,8.1,1120,231,30.336324238539948,5.24,-0.76,-0.98,40,36.9,7.6,-1115,1,0
2025-01-20 09:46:40.037437+00:00,79.9975584447293,29.994506500640906,79.99145455655251,5.62,1.1,0.94,41,37.3,8.1,1120,231,30.122688152353046,5.27,-0.67,-0.98,40,36.9,8.6,-1110,1,0
2025-01-20 09:46:41.396595+00:00,79.9975584447293,29.994506500640906,79.99145455655251,5.63,1.1,0.94,41,37.3,8.1,1120,231,30.02502594152475,5.21,-0.71,-0.98,40,37.2,8.8,-1113,1,0
2025-01-20 09:46:42.752916+00:00,79.9975584447293,29.994506500640906,79.99145455655251,5.62,1.1,0.94,41,37.3,8.1,1120,231,30.15320759323689,5.27,-0.71,-0.98,40,37.0,8.7,-1108,1,0
2025-01-20 09:46:44.109779+00:00,79.9975584447293,29.994506500640906,79.99145455655251,5.66,1.1,0.94,41,37.3,8.1,1120,231,29.982298724287368,5.28,-0.71,-0.98,40,36.9,8.8,-1108,1,0
2025-01-20 09:46:45.441897+00:00,79.9975584447293,29.994506500640906,79.99145455655251,5.64,1.1,0.94,41,37.3,8.0,1120,231,30.214246475004575,5.23,-0.69,-0.98,40,36.9,8.3,-1111,1,0
2025-01-20 09:46:46.828178+00:00,79.9975584447293,29.994506500640906,79.99145455655251,5.65,1.1,0.94,41,37.3,8.1,1120,231,29.951779283403525,5.32,-0.69,-0.98,40,37.0,8.5,-1113,1,0
2025-01-20 09:46:48.183964+00:00,84.99664286150276,29.994506500640906,84.99664286150276,5.63,1.16,1.0,41,39.7,8.1,1190,231,29.98840261246414,5.24,-0.68,-1.03,40,39.1,8.2,-1180,1,0
2025-01-20 09:46:49.541600+00:00,84.99664286150276,29.994506500640906,84.99664286150276,5.62,1.16,1.0,41,39.7,8.0,1190,231,29.97009094793383,5.33,-0.8,-1.04,40,39.3,8.5,-1177,1,0
2025-01-20 09:46:50.864657+00:00,84.99664286150276,29.994506500640906,84.99664286150276,5.64,1.16,0.99,41,39.7,8.1,1190,231,30.32411646218641,5.18,-0.79,-1.04,40,39.5,8.2,-1186,1,0
2025-01-20 09:46:52.255322+00:00,84.99664286150276,29.994506500640906,84.99664286150276,5.63,1.16,1.0,41,39.7,8.0,1190,231,30.006714276994444,5.31,-0.77,-1.04,40,39.3,8.7,-1177,1,0
2025-01-20 09:46:53.615944+00:00,84.99664286150276,29.994506500640906,84.99664286150276,5.65,1.16,1.0,41,39.7,8.0,1190,231,30.202038698651037,5.27,-0.78,-1.04,40,39.2,8.4,-1180,1,0
2025-01-20 09:46:54.973956+00:00,84.99664286150276,29.994506500640906,84.99664286150276,5.65,1.16,1.0,41,39.7,8.0,1190,231,29.97009094793383,5.28,-0.77,-1.04,40,39.3,8.8,-1176,1,0
2025-01-20 09:46:56.316750+00:00,84.99664286150276,29.994506500640906,84.99664286150276,5.62,1.15,0.99,41,39.7,8.0,1190,231,30.11658426417628,5.32,-0.8,-1.04,40,39.3,8.7,-1183,1,0
2025-01-20 09:46:57.687509+00:00,84.99664286150276,29.994506500640906,84.99664286150276,5.63,1.16,1.0,41,39.7,8.0,1190,231,30.134895928706584,5.32,-0.7,-1.04,40,39.1,8.4,-1190,1,0
2025-01-20 09:46:59.070784+00:00,84.99664286150276,29.994506500640906,84.99664286150276,5.62,1.16,1.0,41,39.7,8.0,1190,231,30.055545382408592,5.26,-0.8,-1.04,40,38.9,8.6,-1187,1,0
2025-01-20 09:47:00.405046+00:00,84.99664286150276,29.994506500640906,84.99664286150276,5.66,1.16,1.0,41,39.7,8.0,1190,231,30.342428126716715,5.23,-0.76,-1.04,40,39.2,8.2,-1185,1,0
2025-01-20 09:47:01.867920+00:00,84.99664286150276,29.994506500640906,84.99664286150276,5.65,1.16,1.0,41,39.7,8.0,1190,231,30.006714276994444,5.32,-0.8,-1.04,40,39.3,8.6,-1179,1,0
2025-01-20 09:47:03.183301+00:00,84.99664286150276,29.994506500640906,84.99664286150276,5.62,1.16,1.0,41,39.7,8.1,1190,231,30.226454251358113,5.3,-0.81,-1.04,40,39.7,8.3,-1183,1,0
2025-01-20 09:47:04.583034+00:00,84.99664286150276,29.994506500640906,84.99664286150276,5.63,1.16,1.0,41,39.7,8.1,1190,231,30.226454251358113,5.13,-0.73,-1.04,40,39.2,8.2,-1188,1,0
2025-01-20 09:47:05.936475+00:00,84.99664286150276,29.994506500640906,84.99664286150276,5.63,1.16,0.99,41,39.7,8.0,1190,231,30.263077580418724,5.21,-0.78,-1.04,40,39.9,8.6,-1179,1,0
2025-01-20 09:47:07.276258+00:00,84.99664286150276,29.994506500640906,84.99664286150276,5.65,1.16,1.0,41,39.7,8.0,1190,231,30.189830922297503,5.3,-0.78,-1.04,40,39.2,8.6,-1185,1,0
2025-01-20 09:47:08.652984+00:00,84.99664286150276,29.994506500640906,84.99664286150276,5.66,1.16,1.0,41,39.7,8.1,1190,231,30.250869804065186,5.25,-0.83,-1.04,40,40.0,8.7,-1183,1,0
2025-01-20 09:47:10.015300+00:00,84.99664286150276,29.994506500640906,84.99664286150276,5.63,1.16,0.99,41,39.7,8.0,1190,231,30.214246475004575,5.23,-0.81,-1.04,40,39.2,8.3,-1185,1,0
2025-01-20 09:47:11.377632+00:00,84.99664286150276,29.994506500640906,84.99664286150276,5.62,1.16,0.99,41,39.7,8.0,1190,231,30.19593481047427,5.32,-0.76,-1.04,40,39.5,8.3,-1188,1,0
2025-01-20 09:47:12.728214+00:00,84.99664286150276,29.994506500640906,84.99664286150276,5.62,1.16,1.0,41,39.7,8.0,1190,231,30.06775315876213,5.27,-0.76,-1.05,40,39.2,8.4,-1179,1,0
2025-01-20 09:47:14.089351+00:00,84.99664286150276,29.994506500640906,84.99664286150276,5.64,1.16,1.0,41,39.7,8.1,1190,231,29.994506500640906,5.33,-0.73,-1.04,40,39.3,8.4,-1178,1,0
2025-01-20 09:47:15.421500+00:00,84.99664286150276,29.994506500640906,84.99664286150276,5.65,1.16,1.0,41,39.7,8.0,1190,231,30.006714276994444,5.31,-0.72,-1.05,40,39.2,8.4,-1181,1,0
2025-01-20 09:47:16.798982+00:00,84.99664286150276,29.994506500640906,84.99664286150276,5.64,1.16,1.0,41,39.7,8.0,1190,231,30.02502594152475,5.35,-0.7,-1.04,40,39.1,8.6,-1188,1,0
2025-01-20 09:47:18.158000+00:00,84.99664286150276,29.994506500640906,84.99664286150276,5.64,1.16,1.0,41,39.7,8.1,1190,231,30.263077580418724,5.24,-0.78,-1.03,40,39.1,8.6,-1181,1,0
2025-01-20 09:47:19.517394+00:00,84.99664286150276,29.994506500640906,84.99664286150276,5.62,1.16,1.0,41,39.7,8.0,1190,231,30.226454251358113,5.36,-0.79,-1.04,40,39.2,7.8,-1189,1,0
2025-01-20 09:47:20.875111+00:00,89.99572727827625,29.994506500640906,89.99572727827625,5.65,1.21,1.04,41,42.0,8.0,1260,231,29.957883171580296,5.23,-0.81,-1.11,40,41.6,8.3,-1249,1,0
2025-01-20 09:47:22.234850+00:00,89.99572727827625,29.994506500640906,89.99572727827625,5.65,1.22,1.05,41,42.0,8.0,1260,231,30.27528535677226,5.26,-0.82,-1.1,40,41.9,8.1,-1252,1,0
2025-01-20 09:47:23.593876+00:00,89.99572727827625,29.994506500640906,89.99572727827625,5.66,1.22,1.06,41,42.0,8.0,1260,231,30.171519257767194,5.35,-0.82,-1.11,40,41.7,9.0,-1249,1,0
2025-01-20 09:47:24.955694+00:00,89.99572727827625,29.994506500640906,89.99572727827625,5.68,1.22,1.06,41,42.0,8.0,1260,231,30.02502594152475,5.23,-0.84,-1.1,40,41.5,9.0,-1247,1,0
2025-01-20 09:47:26.308458+00:00,89.99572727827625,29.994506500640906,89.99572727827625,5.63,1.21,1.04,41,42.0,8.0,1260,231,29.98840261246414,5.33,-0.82,-1.11,40,41.6,8.4,-1249,1,0
2025-01-20 09:47:27.662150+00:00,89.99572727827625,29.994506500640906,89.99572727827625,5.64,1.22,1.05,41,42.0,8.0,1260,231,30.018922053347982,5.26,-0.85,-1.1,40,41.6,8.4,-1250,1,0
2025-01-20 09:47:29.023518+00:00,89.99572727827625,29.994506500640906,89.99572727827625,5.64,1.22,1.05,41,42.0,8.0,1260,231,30.049441494231825,5.35,-0.78,-1.1,40,41.4,8.4,-1256,1,0
2025-01-20 09:47:30.385126+00:00,89.99572727827625,29.994506500640906,89.99572727827625,5.65,1.22,1.06,41,42.0,8.0,1260,231,30.031129829701516,5.2,-0.88,-1.1,40,41.6,8.7,-1255,1,0
2025-01-20 09:47:31.739817+00:00,89.99572727827625,29.994506500640906,89.99572727827625,5.67,1.22,1.05,41,42.0,8.0,1260,231,29.915155954342914,5.3,-0.84,-1.11,40,41.5,8.3,-1258,1,0
2025-01-20 09:47:33.074283+00:00,89.99572727827625,29.994506500640906,89.99572727827625,5.65,1.22,1.05,41,42.0,8.0,1260,231,30.202038698651037,5.22,-0.81,-1.1,40,41.3,8.3,-1257,1,0
2025-01-20 09:47:34.460411+00:00,89.99572727827625,29.994506500640906,89.99572727827625,5.67,1.22,1.06,41,42.0,8.0,1260,231,29.97009094793383,5.28,-0.71,-1.1,40,41.4,8.4,-1256,1,0
2025-01-20 09:47:35.814607+00:00,89.99572727827625,29.994506500640906,89.99572727827625,5.64,1.22,1.06,41,42.0,8.0,1260,231,29.915155954342914,5.3,-0.82,-1.1,40,41.7,8.6,-1249,1,0
2025-01-20 09:47:37.167703+00:00,89.99572727827625,29.994506500640906,89.99572727827625,5.63,1.22,1.05,41,42.0,8.0,1260,231,30.23255813953488,5.23,-0.83,-1.09,40,41.6,7.7,-1259,1,0
2025-01-20 09:47:38.495247+00:00,89.99572727827625,29.994506500640906,89.99572727827625,5.65,1.22,1.05,41,42.0,8.0,1260,231,30.220350363181343,5.32,-0.87,-1.11,40,41.7,8.4,-1249,1,0
2025-01-20 09:47:39.886367+00:00,89.99572727827625,29.994506500640906,89.99572727827625,5.63,1.22,1.05,41,42.0,8.0,1260,231,29.945675395226758,5.19,-0.8,-1.1,40,42.0,8.5,-1256,1,0
2025-01-20 09:47:41.243487+00:00,89.99572727827625,29.994506500640906,89.99572727827625,5.67,1.22,1.05,41,42.0,8.0,1260,231,30.2874931331258,5.33,-0.88,-1.11,40,41.8,8.5,-1252,1,0
2025-01-20 09:47:42.584434+00:00,89.99572727827625,29.994506500640906,89.99572727827625,5.66,1.22,1.05,41,42.0,8.0,1260,231,30.23866202771165,5.26,-0.86,-1.11,40,41.6,8.4,-1247,1,0
2025-01-20 09:47:43.961759+00:00,89.99572727827625,29.994506500640906,89.99572727827625,5.65,1.21,1.05,41,42.0,8.0,1260,231,30.128792040529817,5.31,-0.83,-1.1,40,41.6,8.9,-1248,1,0
2025-01-20 09:47:45.358752+00:00,89.99572727827625,29.994506500640906,89.99572727827625,5.65,1.22,1.06,41,42.0,8.1,1260,231,30.128792040529817,5.21,-0.85,-1.1,40,42.2,8.6,-1253,1,0
2025-01-20 09:47:46.738313+00:00,89.99572727827625,29.994506500640906,89.99572727827625,5.64,1.22,1.05,41,42.0,8.1,1260,231,29.994506500640906,5.31,-0.79,-1.11,40,41.6,8.4,-1250,1,0
2025-01-20 09:47:48.146061+00:00,89.99572727827625,29.994506500640906,89.99572727827625,5.66,1.21,1.05,41,42.0,8.0,1260,231,30.27528535677226,5.21,-0.84,-1.1,40,41.7,8.4,-1255,1,0
2025-01-20 09:47:49.503567+00:00,89.99572727827625,29.994506500640906,89.99572727827625,5.66,1.21,1.05,41,42.0,8.1,1260,231,30.000610388817673,5.26,-0.81,-1.1,40,41.6,8.4,-1247,1,0
2025-01-20 09:47:50.837705+00:00,94.99481169504973,29.994506500640906,94.98870780687297,5.66,1.27,1.1,41,44.3,8.0,1330,231,30.06775315876213,5.24,-0.85,-1.17,40,43.9,8.0,-1323,1,0
2025-01-20 09:47:52.213853+00:00,94.99481169504973,29.994506500640906,94.98870780687297,5.65,1.28,1.1,41,44.3,8.0,1330,231,30.23255813953488,5.31,-0.84,-1.16,40,43.6,8.8,-1327,1,0
2025-01-20 09:47:53.578197+00:00,94.99481169504973,29.994506500640906,94.98870780687297,5.63,1.27,1.1,41,44.3,8.0,1330,231,30.305804797656105,5.24,-0.85,-1.16,40,44.3,8.3,-1319,1,0
2025-01-20 09:47:54.976776+00:00,94.99481169504973,29.994506500640906,94.98870780687297,5.67,1.29,1.12,41,44.3,8.0,1330,231,30.250869804065186,5.16,-0.97,-1.16,40,44.2,8.2,-1323,1,0
2025-01-20 09:47:56.389635+00:00,94.99481169504973,29.994506500640906,94.98870780687297,5.65,1.27,1.11,41,44.3,8.0,1330,231,30.055545382408592,5.25,-0.83,-1.16,40,44.5,8.2,-1322,1,0
2025-01-20 09:47:57.954299+00:00,94.99481169504973,29.994506500640906,94.98870780687297,5.64,1.27,1.11,41,44.3,8.0,1330,231,30.208142586827808,5.13,-0.88,-1.16,40,44.2,8.4,-1321,1,0
2025-01-20 09:47:59.317620+00:00,94.99481169504973,29.994506500640906,94.98870780687297,5.65,1.27,1.11,41,44.3,8.0,1330,231,29.982298724287368,5.21,-0.87,-1.16,40,43.6,8.2,-1319,1,0
2025-01-20 09:48:00.671946+00:00,94.99481169504973,29.994506500640906,94.98870780687297,5.62,1.27,1.1,41,44.3,8.0,1330,231,29.92125984251968,5.28,-0.92,-1.17,40,43.6,8.6,-1326,1,0
2025-01-20 09:48:02.005274+00:00,94.99481169504973,29.994506500640906,94.98870780687297,5.65,1.28,1.11,41,44.3,8.0,1330,231,30.018922053347982,5.33,-0.86,-1.17,40,43.7,8.8,-1326,1,0
2025-01-20 09:48:03.384621+00:00,94.99481169504973,29.994506500640906,94.98870780687297,5.66,1.28,1.11,41,44.3,8.0,1330,231,30.208142586827808,5.36,-0.92,-1.16,40,44.0,8.7,-1324,1,0
2025-01-20 09:48:04.746396+00:00,94.99481169504973,29.994506500640906,94.98870780687297,5.66,1.28,1.11,41,44.3,8.0,1330,231,29.98840261246414,5.29,-0.89,-1.17,40,44.0,8.5,-1319,1,0
2025-01-20 09:48:06.103878+00:00,94.99481169504973,29.994506500640906,94.98870780687297,5.67,1.28,1.11,41,44.3,8.0,1330,231,29.97009094793383,5.38,-0.97,-1.17,40,44.0,8.6,-1324,1,0
2025-01-20 09:48:07.442050+00:00,94.99481169504973,29.994506500640906,94.98870780687297,5.64,1.28,1.11,41,44.3,8.0,1330,231,29.982298724287368,5.35,-0.85,-1.17,40,43.7,8.1,-1319,1,0
2025-01-20 09:48:09.027284+00:00,94.99481169504973,29.994506500640906,94.98870780687297,5.65,1.28,1.11,41,44.3,8.0,1330,231,30.202038698651037,5.23,-0.93,-1.17,40,44.0,8.6,-1319,1,0
2025-01-20 09:48:10.385288+00:00,94.99481169504973,29.994506500640906,94.98870780687297,5.65,1.28,1.11,41,44.3,8.0,1330,231,30.2874931331258,5.34,-0.82,-1.16,40,43.8,8.2,-1330,1,0
2025-01-20 09:48:11.743268+00:00,94.99481169504973,29.994506500640906,94.98870780687297,5.63,1.28,1.11,41,44.3,8.0,1330,231,30.006714276994444,5.3,-0.84,-1.16,40,43.9,7.5,-1325,1,0
2025-01-20 09:48:13.105928+00:00,94.99481169504973,29.994506500640906,94.98870780687297,5.65,1.27,1.11,41,44.3,8.0,1330,231,30.073857046938897,5.21,-0.9,-1.17,40,43.9,8.2,-1329,1,0
2025-01-20 09:48:14.513276+00:00,94.99481169504973,29.994506500640906,94.98870780687297,5.65,1.28,1.11,41,44.3,7.9,1330,231,30.183727034120732,5.26,-0.89,-1.16,40,43.9,8.4,-1328,1,0
2025-01-20 09:48:15.926551+00:00,94.99481169504973,29.994506500640906,94.98870780687297,5.66,1.28,1.11,41,44.3,8.0,1330,231,30.171519257767194,5.31,-0.82,-1.16,40,43.9,7.6,-1329,1,0
2025-01-20 09:48:17.275362+00:00,94.99481169504973,29.994506500640906,94.98870780687297,5.65,1.27,1.11,41,44.3,8.0,1330,231,30.226454251358113,5.29,-1.0,-1.16,40,43.9,8.3,-1324,1,0
2025-01-20 09:48:18.635383+00:00,94.99481169504973,29.994506500640906,94.98870780687297,5.62,1.27,1.1,41,44.3,8.0,1330,231,29.957883171580296,5.24,-0.91,-1.17,40,43.8,8.5,-1327,1,0
2025-01-20 09:48:19.994233+00:00,94.99481169504973,29.994506500640906,94.98870780687297,5.66,1.28,1.11,41,44.3,8.0,1330,231,30.01281816517121,5.41,-0.83,-1.17,40,43.8,8.4,-1317,1,0
2025-01-20 09:48:21.304092+00:00,94.99481169504973,29.994506500640906,94.98870780687297,5.66,1.27,1.1,41,44.3,8.0,1330,231,30.092168711469203,5.31,-0.79,-1.17,40,43.9,8.1,-1328,1,0
2025-01-20 09:48:22.714812+00:00,99.99999999999999,29.994506500640906,99.81077946652016,6.02,1.77,1.55,41,46.5,9.3,1400,231,29.89074040163584,5.31,-0.9,-1.22,40,46.6,8.5,-1397,1,0
2025-01-20 09:48:24.113951+00:00,99.99999999999999,29.994506500640906,99.99999999999999,5.64,1.35,1.18,41,46.7,8.0,1400,231,30.073857046938897,5.26,-0.9,-1.23,40,46.2,8.5,-1393,1,0
2025-01-20 09:48:25.483713+00:00,99.99999999999999,29.994506500640906,99.99999999999999,5.64,1.35,1.18,41,46.7,8.1,1400,231,30.299700909479338,5.3,-0.88,-1.22,40,45.9,8.3,-1395,1,0
2025-01-20 09:48:26.802761+00:00,99.99999999999999,29.994506500640906,99.99999999999999,5.68,1.35,1.17,41,46.7,8.0,1400,231,29.982298724287368,5.34,-0.86,-1.22,40,46.7,8.5,-1390,1,0
2025-01-20 09:48:28.105215+00:00,99.99999999999999,29.994506500640906,99.99999999999999,5.66,1.34,1.17,41,46.7,8.0,1400,231,29.9761948361106,5.33,-0.97,-1.23,40,46.2,8.5,-1398,1,0
2025-01-20 09:48:29.499415+00:00,99.99999999999999,29.994506500640906,99.99999999999999,5.67,1.35,1.18,41,46.7,8.1,1400,231,29.93346761887322,5.17,-0.85,-1.23,40,46.0,8.7,-1389,1,0
2025-01-20 09:48:30.857729+00:00,99.99999999999999,29.994506500640906,99.99999999999999,5.65,1.35,1.18,41,46.7,8.1,1400,231,30.15931148141366,5.26,-1.0,-1.23,40,46.3,8.4,-1393,1,0
2025-01-20 09:48:32.215400+00:00,99.99999999999999,29.994506500640906,99.99999999999999,5.65,1.36,1.18,41,46.7,8.1,1400,231,29.951779283403525,5.27,-0.89,-1.22,40,46.2,8.3,-1386,1,0
2025-01-20 09:48:33.569468+00:00,99.99999999999999,29.994506500640906,99.99999999999999,5.67,1.34,1.17,41,46.7,8.0,1400,231,29.9761948361106,5.34,-0.94,-1.22,40,46.4,8.2,-1388,1,0
2025-01-20 09:48:34.933637+00:00,99.99999999999999,29.994506500640906,99.99999999999999,5.66,1.35,1.18,41,46.7,8.1,1400,231,29.97009094793383,5.31,-0.92,-1.22,40,45.8,8.4,-1396,1,0
2025-01-20 09:48:36.287832+00:00,99.99999999999999,29.994506500640906,99.99999999999999,5.66,1.35,1.18,41,46.7,8.1,1400,231,30.23255813953488,5.34,-0.93,-1.22,40,46.3,8.6,-1389,1,0
2025-01-20 09:48:37.646899+00:00,99.99999999999999,29.994506500640906,99.99999999999999,5.66,1.35,1.17,41,46.7,8.1,1400,231,30.043337606055054,5.23,-0.91,-1.23,40,46.2,8.1,-1400,1,0
2025-01-20 09:48:39.012647+00:00,99.99999999999999,29.994506500640906,99.99999999999999,5.63,1.34,1.17,41,46.7,8.0,1400,231,30.318012574009643,5.31,-0.9,-1.23,40,46.7,8.2,-1395,1,0
2025-01-20 09:48:40.364038+00:00,99.99999999999999,29.994506500640906,99.99999999999999,5.67,1.35,1.18,41,46.7,8.1,1400,231,30.037233717878287,5.28,-0.97,-1.22,40,46.8,8.3,-1392,1,0
2025-01-20 09:48:41.720688+00:00,99.99999999999999,29.994506500640906,99.99999999999999,5.66,1.35,1.18,41,46.7,8.1,1400,231,29.9761948361106,5.41,-0.89,-1.22,40,46.1,8.3,-1388,1,0
2025-01-20 09:48:43.079710+00:00,99.99999999999999,29.994506500640906,99.99999999999999,5.67,1.36,1.18,41,46.7,8.1,1400,231,29.939571507049987,5.43,-0.91,-1.22,40,46.2,8.5,-1395,1,0
2025-01-20 09:48:44.409341+00:00,99.99999999999999,29.994506500640906,99.99999999999999,5.65,1.34,1.17,41,46.7,8.0,1400,231,30.037233717878287,5.28,-0.94,-1.22,40,46.2,8.4,-1392,1,0
2025-01-20 09:48:45.802210+00:00,99.99999999999999,29.994506500640906,99.99999999999999,5.63,1.34,1.17,41,46.7,8.0,1400,231,30.250869804065186,5.35,-0.93,-1.23,40,46.3,8.5,-1388,1,0
2025-01-20 09:48:47.151459+00:00,99.99999999999999,29.994506500640906,99.99999999999999,5.67,1.35,1.18,41,46.7,8.1,1400,231,30.031129829701516,5.21,-0.85,-1.23,40,46.2,8.2,-1398,1,0
2025-01-20 09:48:48.508783+00:00,99.99999999999999,29.994506500640906,99.99999999999999,5.67,1.34,1.17,41,46.7,8.1,1400,231,30.208142586827808,5.26,-0.93,-1.23,40,46.4,8.3,-1388,1,0
2025-01-20 09:48:49.825714+00:00,99.99999999999999,29.994506500640906,99.99999999999999,5.66,1.34,1.17,41,46.7,8.0,1400,231,30.220350363181343,5.34,-0.92,-1.23,40,46.3,8.8,-1390,1,0
2025-01-20 09:48:51.225711+00:00,99.99999999999999,29.994506500640906,99.99999999999999,5.64,1.34,1.17,41,46.7,8.1,1400,231,30.134895928706584,5.4,-0.89,-1.22,40,46.2,8.4,-1398,1,0
